-- phpMyAdmin SQL Dump
-- version 3.3.2deb1ubuntu1
-- http://www.phpmyadmin.net
--
-- Host: localhost
-- Generation Time: Apr 25, 2012 at 09:21 AM
-- Server version: 5.1.61
-- PHP Version: 5.3.2-1ubuntu4.14

SET SQL_MODE="NO_AUTO_VALUE_ON_ZERO";


/*!40101 SET @OLD_CHARACTER_SET_CLIENT=@@CHARACTER_SET_CLIENT */;
/*!40101 SET @OLD_CHARACTER_SET_RESULTS=@@CHARACTER_SET_RESULTS */;
/*!40101 SET @OLD_COLLATION_CONNECTION=@@COLLATION_CONNECTION */;
/*!40101 SET NAMES utf8 */;

--
-- Database: `crcdb`
--

-- --------------------------------------------------------

--
-- Table structure for table `courses`
--

CREATE TABLE IF NOT EXISTS `courses` (
  `course_id` int(5) NOT NULL AUTO_INCREMENT,
  `course_number` varchar(8) DEFAULT NULL,
  `course_name` varchar(60) DEFAULT NULL,
  `course_active` tinyint(1) NOT NULL DEFAULT '0',
  `semester` int(2) DEFAULT NULL,
  PRIMARY KEY (`course_id`)
) ENGINE=MyISAM  DEFAULT CHARSET=latin1 AUTO_INCREMENT=55 ;

--
-- Dumping data for table `courses`
--

INSERT INTO `courses` (`course_id`, `course_number`, `course_name`, `course_active`, `semester`) VALUES
(1, 'MA102', 'Mathematics II', 1, 0),
(2, 'EE101', 'Basic Electrical Engg. ', 1, 0),
(3, 'EE101P', 'Basic Electrical & Electronics Lab ', 1, 0),
(4, 'EE102', 'Introduction to Electronics ', 1, 0),
(5, 'ME104', 'Engineering Thermodynamics ', 1, 0),
(6, 'CS101', 'Introduction to Computing ', 1, 0),
(7, 'CS101P', 'Introduction to Computing Lab ', 1, 0),
(8, 'HS151', 'Advanced Englsih ', 1, 0),
(9, 'HS152', 'Advanced Englsih ', 1, 0),
(10, 'HS152', 'Introduction to Rhetroic ', 1, 0),
(11, 'HS352', 'German II ', 1, 0),
(12, 'EE202', 'Analog Electronics ', 1, 0),
(13, 'EE202P', 'Analog Electronics Lab ', 1, 0),
(14, 'MA202', 'Probability and Random Processes ', 1, 0),
(15, 'IC201', 'Design Practicum ', 1, 0),
(16, 'CS203', 'Discrete Structures ', 1, 0),
(17, 'CS204', 'Introduction to Database ', 1, 0),
(18, 'CS206', 'Computer Networks ', 1, 0),
(19, 'MA460', 'Nonlinear Dynamics and Chaos ', 1, 0),
(20, 'HS251', 'Managerial Economics ', 1, 0),
(21, 'HS252', 'Introduction to Psychology ', 1, 0),
(22, 'HS253', 'Introduction to Sociology ', 1, 0),
(23, 'HS254', 'Introduction to European Philosophy ', 1, 0),
(24, 'HS255', 'India since Independence ', 1, 0),
(25, 'EE204', 'Signals and Systems ', 1, 0),
(26, 'EE201', 'Electromechanics ', 1, 0),
(27, 'EE201P', 'Electromechanics Lab ', 1, 0),
(28, 'ME209', 'Dynamics ', 1, 0),
(29, 'ME210', 'Fluid Mechanics ', 1, 0),
(30, 'ME211', 'Analysis and Synthesis of Mechanisms ', 1, 0),
(31, 'ME354', 'Science and Tech of Thin Films ', 1, 0),
(32, 'ME352', 'Finite Element Methods in Engg. ', 1, 0),
(33, 'CS592snm', 'Topics in SNMP and Network Management ', 1, 0),
(34, 'CY344', 'Food Chemistry ', 1, 0),
(35, 'CS306', 'Operating Systems ', 1, 0),
(36, 'CS350', 'Computer Graphics ', 1, 0),
(37, 'CS501', 'Access Network ', 1, 0),
(38, 'CS592 Bi', 'Selected Topics in Bio-Informatics ', 1, 0),
(39, 'MA651', 'Optimization Techniques ', 1, 0),
(40, 'CY342', 'Nanoscience : Understanding Small Systems ', 1, 0),
(41, 'HS351', 'Popular Fiction ', 1, 0),
(42, 'HS353', 'Science, Technology & Society ', 1, 0),
(43, 'HS354', 'Social Psychology ', 1, 0),
(44, 'HS355', 'India Through its Epics ', 1, 0),
(45, 'ME353', 'Electronic Materials and their Applications ', 1, 0),
(46, 'ME351', 'Management of Manufacturing & Logistics Systems ', 1, 0),
(48, 'EE307', 'Theory of Measurements ', 1, 0),
(49, 'EE304', 'Communications Engg. ', 1, 0),
(50, 'EE305', 'Digital Signal Processing ', 1, 0),
(51, 'EE306', 'Computer Organization & Microprocessor ', 1, 0),
(52, 'EE501', 'Power System Operation & Control ', 1, 0),
(53, 'EE502P', 'Analog System Design Lab ', 1, 0),
(54, 'ME307', 'Energy Conversion Devices ', 1, 0);

-- --------------------------------------------------------

--
-- Table structure for table `crc_attendance`
--

CREATE TABLE IF NOT EXISTS `crc_attendance` (
  `attendance_id` int(11) NOT NULL AUTO_INCREMENT,
  `attendance_student_schedule_id` int(11) NOT NULL DEFAULT '0',
  `attendance_date_id` int(11) NOT NULL DEFAULT '0',
  `attendance_check` char(1) NOT NULL DEFAULT 'A',
  PRIMARY KEY (`attendance_id`)
) ENGINE=MyISAM  DEFAULT CHARSET=latin1 AUTO_INCREMENT=188 ;

--
-- Dumping data for table `crc_attendance`
--

INSERT INTO `crc_attendance` (`attendance_id`, `attendance_student_schedule_id`, `attendance_date_id`, `attendance_check`) VALUES
(174, 140, 35, 'A'),
(175, 141, 35, 'A'),
(176, 142, 35, 'A'),
(177, 143, 35, 'A'),
(178, 140, 36, 'A'),
(179, 141, 36, 'A'),
(180, 144, 36, 'A'),
(181, 145, 37, 'A'),
(182, 143, 37, 'A'),
(183, 146, 37, 'A'),
(184, 148, 38, 'A'),
(185, 152, 39, 'A'),
(186, 152, 40, 'A'),
(187, 153, 40, 'A');

-- --------------------------------------------------------

--
-- Table structure for table `crc_courses`
--

CREATE TABLE IF NOT EXISTS `crc_courses` (
  `course_id` int(11) NOT NULL AUTO_INCREMENT,
  `course_name` varchar(100) NOT NULL DEFAULT '',
  `course_desc` varchar(255) DEFAULT '',
  `course_active` tinyint(1) NOT NULL DEFAULT '0',
  `course_fee` int(11) NOT NULL DEFAULT '0',
  PRIMARY KEY (`course_id`,`course_name`)
) ENGINE=MyISAM  DEFAULT CHARSET=latin1 AUTO_INCREMENT=16 ;

--
-- Dumping data for table `crc_courses`
--


-- --------------------------------------------------------

--
-- Table structure for table `crc_date`
--

CREATE TABLE IF NOT EXISTS `crc_date` (
  `date_id` int(11) NOT NULL AUTO_INCREMENT,
  `date_day` char(2) NOT NULL DEFAULT '',
  `date_month` char(2) NOT NULL DEFAULT '',
  `date_year` varchar(4) NOT NULL DEFAULT '',
  PRIMARY KEY (`date_id`)
) ENGINE=MyISAM  DEFAULT CHARSET=latin1 AUTO_INCREMENT=41 ;

--
-- Dumping data for table `crc_date`
--

INSERT INTO `crc_date` (`date_id`, `date_day`, `date_month`, `date_year`) VALUES
(35, '31', '10', '2011'),
(36, '01', '11', '2011'),
(37, '02', '12', '2011'),
(38, '09', '01', '2012'),
(39, '13', '01', '2012'),
(40, '26', '01', '2012');

-- --------------------------------------------------------

--
-- Table structure for table `crc_feedback`
--

CREATE TABLE IF NOT EXISTS `crc_feedback` (
  `feedback_id` int(11) NOT NULL AUTO_INCREMENT,
  `feedback_profile_id` int(11) NOT NULL DEFAULT '0',
  `feedback_schedule_id` int(11) NOT NULL DEFAULT '0',
  `feedback_date` timestamp NOT NULL DEFAULT CURRENT_TIMESTAMP ON UPDATE CURRENT_TIMESTAMP,
  `feedback_active` tinyint(1) NOT NULL DEFAULT '0',
  PRIMARY KEY (`feedback_id`),
  KEY `feedback_profile_id` (`feedback_profile_id`,`feedback_schedule_id`)
) ENGINE=MyISAM  DEFAULT CHARSET=latin1 COMMENT='This table is facility to store feddback information from st' AUTO_INCREMENT=67 ;

--
-- Dumping data for table `crc_feedback`
--

INSERT INTO `crc_feedback` (`feedback_id`, `feedback_profile_id`, `feedback_schedule_id`, `feedback_date`, `feedback_active`) VALUES
(61, 53, 140, '2011-10-31 19:52:54', 0),
(62, 58, 141, '2011-10-31 19:53:55', 0),
(63, 59, 142, '2011-10-31 20:11:15', 0),
(64, 60, 144, '2011-11-01 10:37:15', 0),
(65, 62, 148, '2012-01-09 12:59:48', 0),
(66, 62, 152, '2012-01-13 11:28:38', 0);

-- --------------------------------------------------------

--
-- Table structure for table `crc_feedback_answers`
--

CREATE TABLE IF NOT EXISTS `crc_feedback_answers` (
  `feedback_answers_id` int(11) NOT NULL AUTO_INCREMENT,
  `feedback_answers_feedback_id` int(11) NOT NULL DEFAULT '0',
  `feedback_answers_questions_id` int(11) NOT NULL DEFAULT '0',
  `feedback_answers_answer` text NOT NULL,
  `feedback_answers_active` tinyint(4) NOT NULL DEFAULT '0',
  `feedback_answers_comments` text NOT NULL,
  PRIMARY KEY (`feedback_answers_id`)
) ENGINE=MyISAM  DEFAULT CHARSET=latin1 AUTO_INCREMENT=466 ;

--
-- Dumping data for table `crc_feedback_answers`
--

INSERT INTO `crc_feedback_answers` (`feedback_answers_id`, `feedback_answers_feedback_id`, `feedback_answers_questions_id`, `feedback_answers_answer`, `feedback_answers_active`, `feedback_answers_comments`) VALUES
(304, 61, 1, '1', 1, 'NA'),
(305, 61, 2, '2', 1, 'NA'),
(306, 61, 3, '3', 1, 'NA'),
(307, 61, 4, '4', 1, 'NA'),
(308, 61, 5, '5', 1, 'NA'),
(309, 61, 6, '4', 1, 'NA'),
(310, 61, 7, '3', 1, 'NA'),
(311, 61, 8, '2', 1, 'NA'),
(312, 61, 9, '1', 1, 'NA'),
(313, 61, 10, '2', 1, 'NA'),
(314, 61, 11, '3', 1, 'NA'),
(315, 61, 12, '4', 1, 'NA'),
(316, 61, 13, '5', 1, 'NA'),
(317, 61, 14, '4', 1, 'NA'),
(318, 61, 15, '3', 1, 'NA'),
(319, 61, 16, '2', 1, 'NA'),
(320, 61, 17, '1', 1, 'NA'),
(321, 61, 18, '2', 1, 'NA'),
(322, 61, 19, '3', 1, 'NA'),
(323, 61, 20, '4', 1, 'NA'),
(324, 61, 21, '5', 1, 'NA'),
(325, 61, 22, '0', 1, 'sam'),
(326, 61, 23, '0', 1, 'sam'),
(327, 61, 24, '0', 1, 'sam'),
(328, 61, 25, '0', 1, 'sam'),
(329, 61, 26, '0', 1, 'sam'),
(330, 61, 27, '0', 1, 'sam'),
(331, 62, 1, '1', 1, 'NA'),
(332, 62, 2, '1', 1, 'NA'),
(333, 62, 3, '1', 1, 'NA'),
(334, 62, 4, '1', 1, 'NA'),
(335, 62, 5, '1', 1, 'NA'),
(336, 62, 6, '1', 1, 'NA'),
(337, 62, 7, '1', 1, 'NA'),
(338, 62, 8, '1', 1, 'NA'),
(339, 62, 9, '0', 1, 'NA'),
(340, 62, 10, '0', 1, 'NA'),
(341, 62, 11, '0', 1, 'NA'),
(342, 62, 12, '0', 1, 'NA'),
(343, 62, 13, '0', 1, 'NA'),
(344, 62, 14, '0', 1, 'NA'),
(345, 62, 15, '0', 1, 'NA'),
(346, 62, 16, '0', 1, 'NA'),
(347, 62, 17, '0', 1, 'NA'),
(348, 62, 18, '0', 1, 'NA'),
(349, 62, 19, '0', 1, 'NA'),
(350, 62, 20, '0', 1, 'NA'),
(351, 62, 21, '0', 1, 'NA'),
(352, 62, 22, '0', 1, ''),
(353, 62, 23, '0', 1, ''),
(354, 62, 24, '0', 1, ''),
(355, 62, 25, '0', 1, ''),
(356, 62, 26, '0', 1, ''),
(357, 62, 27, '0', 1, ''),
(358, 63, 1, '1', 1, 'NA'),
(359, 63, 2, '1', 1, 'NA'),
(360, 63, 3, '1', 1, 'NA'),
(361, 63, 4, '1', 1, 'NA'),
(362, 63, 5, '1', 1, 'NA'),
(363, 63, 6, '1', 1, 'NA'),
(364, 63, 7, '1', 1, 'NA'),
(365, 63, 8, '1', 1, 'NA'),
(366, 63, 9, '1', 1, 'NA'),
(367, 63, 10, '1', 1, 'NA'),
(368, 63, 11, '1', 1, 'NA'),
(369, 63, 12, '1', 1, 'NA'),
(370, 63, 13, '1', 1, 'NA'),
(371, 63, 14, '1', 1, 'NA'),
(372, 63, 15, '1', 1, 'NA'),
(373, 63, 16, '1', 1, 'NA'),
(374, 63, 17, '1', 1, 'NA'),
(375, 63, 18, '1', 1, 'NA'),
(376, 63, 19, '1', 1, 'NA'),
(377, 63, 20, '1', 1, 'NA'),
(378, 63, 21, '1', 1, 'NA'),
(379, 63, 22, '0', 1, 'sam2'),
(380, 63, 23, '0', 1, 'sam2'),
(381, 63, 24, '0', 1, 'sam2'),
(382, 63, 25, '0', 1, 'sam2'),
(383, 63, 26, '0', 1, 'sam2'),
(384, 63, 27, '0', 1, 'sam2'),
(385, 64, 1, '5', 1, 'NA'),
(386, 64, 2, '4', 1, 'NA'),
(387, 64, 3, '5', 1, 'NA'),
(388, 64, 4, '4', 1, 'NA'),
(389, 64, 5, '5', 1, 'NA'),
(390, 64, 6, '4', 1, 'NA'),
(391, 64, 7, '5', 1, 'NA'),
(392, 64, 8, '4', 1, 'NA'),
(393, 64, 9, '5', 1, 'NA'),
(394, 64, 10, '4', 1, 'NA'),
(395, 64, 11, '4', 1, 'NA'),
(396, 64, 12, '5', 1, 'NA'),
(397, 64, 13, '5', 1, 'NA'),
(398, 64, 14, '5', 1, 'NA'),
(399, 64, 15, '5', 1, 'NA'),
(400, 64, 16, '4', 1, 'NA'),
(401, 64, 17, '5', 1, 'NA'),
(402, 64, 18, '5', 1, 'NA'),
(403, 64, 19, '5', 1, 'NA'),
(404, 64, 20, '5', 1, 'NA'),
(405, 64, 21, '5', 1, 'NA'),
(406, 64, 22, '0', 1, 'Course Material'),
(407, 64, 23, '0', 1, 'Assignments'),
(408, 64, 24, '0', 1, 'Test '),
(409, 64, 25, '0', 1, ''),
(410, 64, 26, '0', 1, ''),
(411, 64, 27, '0', 1, ''),
(412, 65, 1, '2', 1, 'NA'),
(413, 65, 2, '2', 1, 'NA'),
(414, 65, 3, '2', 1, 'NA'),
(415, 65, 4, '4', 1, 'NA'),
(416, 65, 5, '2', 1, 'NA'),
(417, 65, 6, '1', 1, 'NA'),
(418, 65, 7, '1', 1, 'NA'),
(419, 65, 8, '3', 1, 'NA'),
(420, 65, 9, '2', 1, 'NA'),
(421, 65, 10, '2', 1, 'NA'),
(422, 65, 11, '1', 1, 'NA'),
(423, 65, 12, '2', 1, 'NA'),
(424, 65, 13, '3', 1, 'NA'),
(425, 65, 14, '1', 1, 'NA'),
(426, 65, 15, '4', 1, 'NA'),
(427, 65, 16, '3', 1, 'NA'),
(428, 65, 17, '2', 1, 'NA'),
(429, 65, 18, '1', 1, 'NA'),
(430, 65, 19, '2', 1, 'NA'),
(431, 65, 20, '1', 1, 'NA'),
(432, 65, 21, '3', 1, 'NA'),
(433, 65, 22, '0', 1, 'good'),
(434, 65, 23, '0', 1, 'hello'),
(435, 65, 24, '0', 1, 'who'),
(436, 65, 25, '0', 1, 'what'),
(437, 65, 26, '0', 1, 'i dont'),
(438, 65, 27, '0', 1, 'joker killed jessica'),
(439, 66, 1, '0', 1, 'NA'),
(440, 66, 2, '1', 1, 'NA'),
(441, 66, 3, '2', 1, 'NA'),
(442, 66, 4, '4', 1, 'NA'),
(443, 66, 5, '2', 1, 'NA'),
(444, 66, 6, '0', 1, 'NA'),
(445, 66, 7, '5', 1, 'NA'),
(446, 66, 8, '2', 1, 'NA'),
(447, 66, 9, '3', 1, 'NA'),
(448, 66, 10, '3', 1, 'NA'),
(449, 66, 11, '2', 1, 'NA'),
(450, 66, 12, '2', 1, 'NA'),
(451, 66, 13, '3', 1, 'NA'),
(452, 66, 14, '3', 1, 'NA'),
(453, 66, 15, '2', 1, 'NA'),
(454, 66, 16, '2', 1, 'NA'),
(455, 66, 17, '1', 1, 'NA'),
(456, 66, 18, '3', 1, 'NA'),
(457, 66, 19, '0', 1, 'NA'),
(458, 66, 20, '3', 1, 'NA'),
(459, 66, 21, '5', 1, 'NA'),
(460, 66, 22, '0', 1, 'hello'),
(461, 66, 23, '0', 1, 'hi'),
(462, 66, 24, '0', 1, 'HI'),
(463, 66, 25, '0', 1, 'HI'),
(464, 66, 26, '0', 1, 'HI'),
(465, 66, 27, '0', 1, 'HI');

-- --------------------------------------------------------

--
-- Table structure for table `crc_feedback_questions`
--

CREATE TABLE IF NOT EXISTS `crc_feedback_questions` (
  `feedback_questions_id` int(11) NOT NULL AUTO_INCREMENT,
  `feedback_questions_question` text NOT NULL,
  `feedback_questions_active` tinyint(1) NOT NULL DEFAULT '0',
  `feedback_questions_type` varchar(100) NOT NULL DEFAULT 'COMMENT',
  `feedback_questions_category` varchar(100) NOT NULL DEFAULT 'COMMENTS',
  `feedback_questions_sequence` int(11) NOT NULL DEFAULT '0',
  PRIMARY KEY (`feedback_questions_id`),
  KEY `SEQUENCE` (`feedback_questions_sequence`)
) ENGINE=MyISAM  DEFAULT CHARSET=latin1 AUTO_INCREMENT=29 ;

--
-- Dumping data for table `crc_feedback_questions`
--

INSERT INTO `crc_feedback_questions` (`feedback_questions_id`, `feedback_questions_question`, `feedback_questions_active`, `feedback_questions_type`, `feedback_questions_category`, `feedback_questions_sequence`) VALUES
(1, 'Course content was good.', 1, 'OPTION', 'GENERAL', 1),
(2, 'The sequence in which topics were covered was helpful to grasp the course contents.', 1, 'OPTION', 'GENERAL', 2),
(3, 'Assignment helped better understand the course.', 1, 'OPTION', 'GENERAL', 3),
(4, 'Interesting reference material was suggested.', 1, 'OPTION', 'GENERAL', 4),
(5, 'Exams truly reflected the grasp of course material.', 1, 'OPTION', 'GENERAL', 5),
(6, 'Course objectives were fulfilled.', 1, 'OPTION', 'GENERAL', 6),
(7, 'Fundamental principles were well emphasized.', 1, 'OPTION', 'GENERAL', 7),
(8, 'Board work and/or visual aids were of good quality.', 1, 'OPTION', 'GENERAL', 8),
(9, 'The presentations of lecture material were well organized.', 1, 'OPTION', 'OBJECTIVE', 9),
(10, 'Pace of instruction was comfortable.', 1, 'OPTION', 'OBJECTIVE', 10),
(11, 'Questions were encouraged during the class.', 1, 'OPTION', 'OBJECTIVE', 11),
(12, 'The course content was well covered.', 1, 'OPTION', 'OBJECTIVE', 12),
(13, 'Application/practical aspects were emphasized.', 1, 'OPTION', 'OBJECTIVE', 13),
(14, 'Motivation for the course was well emphasized.', 1, 'OPTION', 'OBJECTIVE', 14),
(15, 'Overall instruction was effective.', 1, 'OPTION', 'PRESENTATION', 15),
(16, 'Questions were encouraged during the tutorial.', 1, 'OPTION', 'PRESENTATION', 16),
(17, 'Doubts were clarified effectively.', 1, 'OPTION', 'PRESENTATION', 17),
(18, 'The number of tutorials was sufficient.', 1, 'OPTION', 'PRESENTATION', 18),
(19, 'Overall the tutorials were effective.', 1, 'OPTION', 'PRESENTATION', 19),
(20, 'Laboratory reports were corrected regularly.', 1, 'OPTION', 'PRESENTATION', 20),
(21, 'Difficulties pointed out to the instructor were satisfactorily addressed.', 1, 'OPTION', 'PRESENTATION', 21),
(22, 'What did you like about this course?', 1, 'COMMENT', 'COMMENTS', 22),
(23, 'What did you dislike about this course?', 1, 'COMMENT', 'COMMENTS', 23),
(24, 'Can you suggest anything that the instructor could do to enrich your learning experience?', 1, 'COMMENT', 'COMMENTS', 24),
(25, 'What methods would you advise a friend to adopt to maximize his/her benefit from this course? ', 1, 'COMMENT', 'COMMENTS', 25),
(26, 'Indicate in what manner your interest in the subject increased as a result of this course?', 1, 'COMMENT', 'COMMENTS', 26),
(27, 'Other comments?', 1, 'COMMENT', 'COMMENTS', 27);

-- --------------------------------------------------------

--
-- Table structure for table `crc_profiles`
--

CREATE TABLE IF NOT EXISTS `crc_profiles` (
  `profile_id` int(11) NOT NULL AUTO_INCREMENT,
  `profile_uid` varchar(100) NOT NULL DEFAULT '',
  `profile_pwd` varchar(40) NOT NULL DEFAULT '',
  `profile_firstname` varchar(100) NOT NULL DEFAULT '',
  `profile_lastname` varchar(100) NOT NULL DEFAULT '',
  `profile_email` varchar(100) NOT NULL DEFAULT '',
  `profile_dob` date NOT NULL DEFAULT '2010-01-01',
  `profile_gender` varchar(6) NOT NULL DEFAULT 'M',
  `profile_employed` tinyint(1) DEFAULT '0',
  `profile_employed_title` varchar(100) DEFAULT '',
  `profile_employed_company` varchar(100) DEFAULT '',
  `profile_address_one` varchar(100) DEFAULT '',
  `profile_address_two` varchar(100) DEFAULT '',
  `profile_city` varchar(100) DEFAULT '',
  `profile_province_state` varchar(100) DEFAULT '',
  `profile_postal_code` varchar(100) DEFAULT '',
  `profile_country` varchar(100) DEFAULT '',
  `profile_phone_land` varchar(14) DEFAULT '00400000000000',
  `profile_phone_cell` varchar(14) DEFAULT '00400000000000',
  `profile_phone_fax` varchar(14) DEFAULT '00400000000000',
  `profile_role_id` int(11) NOT NULL DEFAULT '0',
  `profile_active` tinyint(1) NOT NULL DEFAULT '0',
  `profile_rdn` varchar(100) DEFAULT 'ou=don mills,ou=toronto,ou=ontario,ou=canada,o=crc world',
  `profile_date` timestamp NOT NULL DEFAULT CURRENT_TIMESTAMP ON UPDATE CURRENT_TIMESTAMP,
  PRIMARY KEY (`profile_id`,`profile_uid`,`profile_email`)
) ENGINE=MyISAM  DEFAULT CHARSET=latin1 AUTO_INCREMENT=44 ;

--
-- Dumping data for table `crc_profiles`
--


-- --------------------------------------------------------

--
-- Table structure for table `crc_roles`
--

CREATE TABLE IF NOT EXISTS `crc_roles` (
  `role_id` int(11) NOT NULL AUTO_INCREMENT,
  `role_name` varchar(100) NOT NULL DEFAULT '',
  `role_desc` varchar(255) NOT NULL DEFAULT '',
  `role_active` tinyint(1) NOT NULL DEFAULT '0',
  PRIMARY KEY (`role_id`,`role_name`)
) ENGINE=MyISAM  DEFAULT CHARSET=latin1 AUTO_INCREMENT=5 ;

--
-- Dumping data for table `crc_roles`
--

INSERT INTO `crc_roles` (`role_id`, `role_name`, `role_desc`, `role_active`) VALUES
(1, 'Administrator', 'CRC Administrator role', 1),
(2, 'Teacher', 'CRC Teacher role', 1),
(3, 'Student', 'CRC Student role', 1),
(4, 'Dean', 'Role for the Dean of Academics', 1);

-- --------------------------------------------------------

--
-- Table structure for table `crc_rooms`
--

CREATE TABLE IF NOT EXISTS `crc_rooms` (
  `room_id` int(11) NOT NULL AUTO_INCREMENT,
  `room_name` varchar(100) NOT NULL DEFAULT '',
  `room_desc` varchar(100) NOT NULL DEFAULT '',
  PRIMARY KEY (`room_id`)
) ENGINE=MyISAM  DEFAULT CHARSET=latin1 AUTO_INCREMENT=4 ;

--
-- Dumping data for table `crc_rooms`
--


-- --------------------------------------------------------

--
-- Table structure for table `crc_schedule`
--

CREATE TABLE IF NOT EXISTS `crc_schedule` (
  `schedule_id` int(11) NOT NULL AUTO_INCREMENT,
  `schedule_course_id` int(11) NOT NULL DEFAULT '0',
  `schedule_start_date` date NOT NULL DEFAULT '2010-01-01',
  `schedule_end_date` date NOT NULL DEFAULT '2010-01-01',
  `schedule_day_time` varchar(30) NOT NULL DEFAULT 'M,W [8:00PM - 10:00PM]',
  `schedule_status` varchar(100) NOT NULL DEFAULT 'Tentative',
  `schedule_room_id` int(11) NOT NULL DEFAULT '2',
  `schedule_active` tinyint(1) NOT NULL DEFAULT '0',
  `schedule_venue_id` int(11) NOT NULL DEFAULT '1',
  PRIMARY KEY (`schedule_id`)
) ENGINE=MyISAM  DEFAULT CHARSET=latin1 AUTO_INCREMENT=18 ;

--
-- Dumping data for table `crc_schedule`
--


-- --------------------------------------------------------

--
-- Table structure for table `crc_sessions`
--

CREATE TABLE IF NOT EXISTS `crc_sessions` (
  `session_oid` int(11) NOT NULL AUTO_INCREMENT,
  `session_id` varchar(255) NOT NULL DEFAULT '',
  `session_uid` varchar(15) NOT NULL DEFAULT '',
  `session_pwd` varchar(15) NOT NULL DEFAULT '',
  `session_dn` varchar(255) NOT NULL DEFAULT '',
  `session_time` timestamp NOT NULL DEFAULT CURRENT_TIMESTAMP ON UPDATE CURRENT_TIMESTAMP,
  PRIMARY KEY (`session_oid`)
) ENGINE=MyISAM  DEFAULT CHARSET=latin1 AUTO_INCREMENT=1581 ;

--
-- Dumping data for table `crc_sessions`
--

INSERT INTO `crc_sessions` (`session_oid`, `session_id`, `session_uid`, `session_pwd`, `session_dn`, `session_time`) VALUES
(1198, 'ge355v17fc7p4e88hf4sqlm315', 'sam', 'sam', 'NA', '2011-10-31 16:59:04'),
(1199, 'ge355v17fc7p4e88hf4sqlm315', 'sam', 'sam', 'NA', '2011-10-31 16:59:04'),
(1200, 'ge355v17fc7p4e88hf4sqlm315', 'admin', 'admin', 'NA', '2011-10-31 17:00:30'),
(1201, 'ge355v17fc7p4e88hf4sqlm315', 'admin', 'admin', 'NA', '2011-10-31 17:00:40'),
(1202, 'ge355v17fc7p4e88hf4sqlm315', 'admin', 'admin', 'NA', '2011-10-31 17:01:51'),
(1203, 'ge355v17fc7p4e88hf4sqlm315', 'admin', 'admin', 'NA', '2011-10-31 17:01:51'),
(1204, 'ge355v17fc7p4e88hf4sqlm315', 'dean', 'dean', 'NA', '2011-10-31 18:52:44'),
(1205, 'ge355v17fc7p4e88hf4sqlm315', 'dean', 'dean', 'NA', '2011-10-31 18:52:44'),
(1206, 'ge355v17fc7p4e88hf4sqlm315', 'admin', 'admin', 'NA', '2011-10-31 19:00:07'),
(1207, 'ge355v17fc7p4e88hf4sqlm315', 'admin', 'admin', 'NA', '2011-10-31 19:00:07'),
(1208, 'ge355v17fc7p4e88hf4sqlm315', 'admin', 'admin', 'NA', '2011-10-31 19:04:35'),
(1209, 'ge355v17fc7p4e88hf4sqlm315', 'admin', 'admin', 'NA', '2011-10-31 19:04:35'),
(1210, 'ge355v17fc7p4e88hf4sqlm315', 'sam', 'sam', 'NA', '2011-10-31 19:07:29'),
(1211, 'ge355v17fc7p4e88hf4sqlm315', 'sam', 'sam', 'NA', '2011-10-31 19:07:29'),
(1212, 'ge355v17fc7p4e88hf4sqlm315', 'sam1', 'sam', 'NA', '2011-10-31 19:10:04'),
(1213, 'ge355v17fc7p4e88hf4sqlm315', 'sam1', 'sam', 'NA', '2011-10-31 19:10:04'),
(1214, 'ge355v17fc7p4e88hf4sqlm315', 'teacher1', 'teacher1', 'NA', '2011-10-31 19:10:29'),
(1215, 'ge355v17fc7p4e88hf4sqlm315', 'teacher1', 'teacher1', 'NA', '2011-10-31 19:10:29'),
(1216, 'ge355v17fc7p4e88hf4sqlm315', 'sam', 'sam', 'NA', '2011-10-31 19:40:39'),
(1217, 'ge355v17fc7p4e88hf4sqlm315', 'sam', 'sam', 'NA', '2011-10-31 19:40:39'),
(1218, 'ge355v17fc7p4e88hf4sqlm315', 'sam1', 'sam', 'NA', '2011-10-31 19:53:08'),
(1219, 'ge355v17fc7p4e88hf4sqlm315', 'sam1', 'sam', 'NA', '2011-10-31 19:53:08'),
(1220, 'ge355v17fc7p4e88hf4sqlm315', 'dean', 'dean', 'NA', '2011-10-31 19:54:21'),
(1221, 'ge355v17fc7p4e88hf4sqlm315', 'dean', 'dean', 'NA', '2011-10-31 19:54:21'),
(1222, 'ge355v17fc7p4e88hf4sqlm315', 'sam2', 'sam', 'NA', '2011-10-31 20:06:54'),
(1223, 'ge355v17fc7p4e88hf4sqlm315', 'sam2', 'sam', 'NA', '2011-10-31 20:06:54'),
(1224, 'ge355v17fc7p4e88hf4sqlm315', 'admin', 'admin', 'NA', '2011-10-31 20:07:35'),
(1225, 'ge355v17fc7p4e88hf4sqlm315', 'admin', 'admin', 'NA', '2011-10-31 20:07:35'),
(1226, 'ge355v17fc7p4e88hf4sqlm315', 'sam2', 'sam', 'NA', '2011-10-31 20:08:33'),
(1227, 'ge355v17fc7p4e88hf4sqlm315', 'sam2', 'sam', 'NA', '2011-10-31 20:08:33'),
(1228, 'ge355v17fc7p4e88hf4sqlm315', 'teacher2', 'teacher2', 'NA', '2011-10-31 20:09:55'),
(1229, 'ge355v17fc7p4e88hf4sqlm315', 'teacher2', 'teacher2', 'NA', '2011-10-31 20:09:55'),
(1230, 'ge355v17fc7p4e88hf4sqlm315', 'sam2', 'sam', 'NA', '2011-10-31 20:10:22'),
(1231, 'ge355v17fc7p4e88hf4sqlm315', 'sam2', 'sam', 'NA', '2011-10-31 20:10:22'),
(1232, 'ge355v17fc7p4e88hf4sqlm315', 'dean', 'dean', 'NA', '2011-10-31 20:11:27'),
(1233, 'ge355v17fc7p4e88hf4sqlm315', 'dean', 'dean', 'NA', '2011-10-31 20:11:27'),
(1234, 'ge355v17fc7p4e88hf4sqlm315', 'sam', 'sam', 'NA', '2011-10-31 20:12:39'),
(1235, 'ge355v17fc7p4e88hf4sqlm315', 'sam', 'sam', 'NA', '2011-10-31 20:12:39'),
(1236, 'ge355v17fc7p4e88hf4sqlm315', 'teacher2', 'teacher2', 'NA', '2011-10-31 20:13:25'),
(1237, 'ge355v17fc7p4e88hf4sqlm315', 'teacher2', 'teacher2', 'NA', '2011-10-31 20:13:25'),
(1238, 'ge355v17fc7p4e88hf4sqlm315', 'dean', 'dean', 'NA', '2011-10-31 21:34:33'),
(1239, 'ge355v17fc7p4e88hf4sqlm315', 'dean', 'dean', 'NA', '2011-10-31 21:34:33'),
(1240, 'ge355v17fc7p4e88hf4sqlm315', 'sam', 'sam', 'NA', '2011-10-31 21:36:47'),
(1241, 'ge355v17fc7p4e88hf4sqlm315', 'sam', 'sam', 'NA', '2011-10-31 21:36:47'),
(1242, 'ge355v17fc7p4e88hf4sqlm315', 'admin', 'admin', 'NA', '2011-10-31 21:37:15'),
(1243, 'ge355v17fc7p4e88hf4sqlm315', 'admin', 'admin', 'NA', '2011-10-31 21:37:15'),
(1244, 'id5r81667erevumf7thmds2157', 'admin', 'admin', 'NA', '2011-11-01 10:31:03'),
(1245, 'id5r81667erevumf7thmds2157', 'admin', 'admin', 'NA', '2011-11-01 10:31:03'),
(1246, 'id5r81667erevumf7thmds2157', 'dean', 'dean', 'NA', '2011-11-01 10:31:29'),
(1247, 'id5r81667erevumf7thmds2157', 'dean', 'dean', 'NA', '2011-11-01 10:31:29'),
(1248, 'id5r81667erevumf7thmds2157', 'kirti', 'thakur', 'NA', '2011-11-01 10:33:25'),
(1249, 'id5r81667erevumf7thmds2157', 'kirti', 'thakur', 'NA', '2011-11-01 10:33:25'),
(1250, 'id5r81667erevumf7thmds2157', 'teacher1', 'teacher1', 'NA', '2011-11-01 10:33:43'),
(1251, 'id5r81667erevumf7thmds2157', 'teacher1', 'teacher1', 'NA', '2011-11-01 10:33:43'),
(1252, 'id5r81667erevumf7thmds2157', 'kirti', 'thakur', 'NA', '2011-11-01 10:34:25'),
(1253, 'id5r81667erevumf7thmds2157', 'kirti', 'thakur', 'NA', '2011-11-01 10:34:25'),
(1254, 'id5r81667erevumf7thmds2157', 'admin', 'admin', 'NA', '2011-11-01 10:37:33'),
(1255, 'id5r81667erevumf7thmds2157', 'admin', 'admin', 'NA', '2011-11-01 10:37:33'),
(1256, 'id5r81667erevumf7thmds2157', 'admin', 'admin', 'NA', '2011-11-01 10:38:22'),
(1257, 'id5r81667erevumf7thmds2157', 'admin', 'admin', 'NA', '2011-11-01 10:38:22'),
(1258, 'id5r81667erevumf7thmds2157', 'kirti', 'thakur', 'NA', '2011-11-01 10:38:36'),
(1259, 'id5r81667erevumf7thmds2157', 'kirti', 'thakur', 'NA', '2011-11-01 10:38:36'),
(1260, 'id5r81667erevumf7thmds2157', 'kirti', 'thakur', 'NA', '2011-11-01 10:39:02'),
(1261, 'id5r81667erevumf7thmds2157', 'kirti', 'thakur', 'NA', '2011-11-01 10:39:02'),
(1262, 'id5r81667erevumf7thmds2157', 'dean', 'dean', 'NA', '2011-11-01 10:39:33'),
(1263, 'id5r81667erevumf7thmds2157', 'dean', 'dean', 'NA', '2011-11-01 10:39:33'),
(1264, 'ijv2j54n8qdmtco9f17agrm9l3', 'admin', 'admin', 'NA', '2011-11-01 15:08:35'),
(1265, 'ijv2j54n8qdmtco9f17agrm9l3', 'admin', 'admin', 'NA', '2011-11-01 15:08:35'),
(1266, 'ijv2j54n8qdmtco9f17agrm9l3', 'dean', 'dean', 'NA', '2011-11-01 15:09:39'),
(1267, 'ijv2j54n8qdmtco9f17agrm9l3', 'dean', 'dean', 'NA', '2011-11-01 15:09:39'),
(1268, 'ijv2j54n8qdmtco9f17agrm9l3', 'kirti', 'thakur', 'NA', '2011-11-01 15:11:16'),
(1269, 'ijv2j54n8qdmtco9f17agrm9l3', 'kirti', 'thakur', 'NA', '2011-11-01 15:11:16'),
(1270, 'ijv2j54n8qdmtco9f17agrm9l3', 'dean', 'dean', 'NA', '2011-11-01 15:11:34'),
(1271, 'ijv2j54n8qdmtco9f17agrm9l3', 'dean', 'dean', 'NA', '2011-11-01 15:11:34'),
(1272, '38hkc6oa5b5jjhafed1721edr0', 'dean', 'dean', 'NA', '2011-11-01 15:22:47'),
(1273, '38hkc6oa5b5jjhafed1721edr0', 'dean', 'dean', 'NA', '2011-11-01 15:22:47'),
(1274, '38hkc6oa5b5jjhafed1721edr0', 'admin', 'admin', 'NA', '2011-11-01 15:23:00'),
(1275, '38hkc6oa5b5jjhafed1721edr0', 'admin', 'admin', 'NA', '2011-11-01 15:23:00'),
(1276, '38hkc6oa5b5jjhafed1721edr0', 'kirti', 'thakur', 'NA', '2011-11-01 15:23:25'),
(1277, '38hkc6oa5b5jjhafed1721edr0', 'kirti', 'thakur', 'NA', '2011-11-01 15:23:25'),
(1278, '38hkc6oa5b5jjhafed1721edr0', 'admin', 'admin', 'NA', '2011-11-01 15:23:37'),
(1279, '38hkc6oa5b5jjhafed1721edr0', 'admin', 'admin', 'NA', '2011-11-01 15:23:37'),
(1280, '38hkc6oa5b5jjhafed1721edr0', 'dean', 'dean', 'NA', '2011-11-01 15:23:43'),
(1281, '38hkc6oa5b5jjhafed1721edr0', 'dean', 'dean', 'NA', '2011-11-01 15:23:43'),
(1282, '38hkc6oa5b5jjhafed1721edr0', 'dean', 'dean', 'NA', '2011-11-01 15:23:52'),
(1283, '38hkc6oa5b5jjhafed1721edr0', 'dean', 'dean', 'NA', '2011-11-01 15:23:52'),
(1284, '0akqdmdb78ug60h6k0cajfdrv6', 'teacher1', 'teacher1', 'NA', '2011-11-01 18:43:24'),
(1285, '0akqdmdb78ug60h6k0cajfdrv6', 'teacher1', 'teacher1', 'NA', '2011-11-01 18:43:24'),
(1286, '0akqdmdb78ug60h6k0cajfdrv6', 'teacher1', 'teacher1', 'NA', '2011-11-01 18:43:24'),
(1287, '0akqdmdb78ug60h6k0cajfdrv6', 'teacher1', 'teacher1', 'NA', '2011-11-01 18:43:24'),
(1288, '0akqdmdb78ug60h6k0cajfdrv6', 'teacher1', 'teacher1', 'NA', '2011-11-01 18:44:14'),
(1289, '0akqdmdb78ug60h6k0cajfdrv6', 'teacher1', 'teacher1', 'NA', '2011-11-01 18:44:14'),
(1290, '0akqdmdb78ug60h6k0cajfdrv6', 'teacher1', 'teacher1', 'NA', '2011-11-01 18:44:14'),
(1291, '0akqdmdb78ug60h6k0cajfdrv6', 'teacher1', 'teacher1', 'NA', '2011-11-01 18:44:14'),
(1292, '0akqdmdb78ug60h6k0cajfdrv6', 'sam1', 'sam1', 'NA', '2011-11-01 18:45:04'),
(1293, '0akqdmdb78ug60h6k0cajfdrv6', 'sam1', 'sam1', 'NA', '2011-11-01 18:45:04'),
(1294, '0akqdmdb78ug60h6k0cajfdrv6', 'sam1', 'sam1', 'NA', '2011-11-01 18:45:14'),
(1295, '0akqdmdb78ug60h6k0cajfdrv6', 'sam1', 'sam1', 'NA', '2011-11-01 18:45:14'),
(1296, '0akqdmdb78ug60h6k0cajfdrv6', 'sam1', 'sam', 'NA', '2011-11-01 18:45:27'),
(1297, '0akqdmdb78ug60h6k0cajfdrv6', 'sam1', 'sam', 'NA', '2011-11-01 18:45:27'),
(1298, '0akqdmdb78ug60h6k0cajfdrv6', 'sam1', 'sam', 'NA', '2011-11-01 18:45:28'),
(1299, '0akqdmdb78ug60h6k0cajfdrv6', 'sam1', 'sam', 'NA', '2011-11-01 18:45:28'),
(1300, '0akqdmdb78ug60h6k0cajfdrv6', 'dean', 'dean', 'NA', '2011-11-01 18:46:19'),
(1301, '0akqdmdb78ug60h6k0cajfdrv6', 'dean', 'dean', 'NA', '2011-11-01 18:46:19'),
(1302, '0akqdmdb78ug60h6k0cajfdrv6', 'dean', 'dean', 'NA', '2011-11-01 18:46:19'),
(1303, '0akqdmdb78ug60h6k0cajfdrv6', 'dean', 'dean', 'NA', '2011-11-01 18:46:19'),
(1304, 'qscj1jclu4g15par2faf22m1s5', 'admin', 'admin', 'NA', '2011-11-01 18:46:43'),
(1305, 'qscj1jclu4g15par2faf22m1s5', 'admin', 'admin', 'NA', '2011-11-01 18:46:43'),
(1306, '1lslnu39nbsmgl7pvgd4rq4d91', 'admin', 'admin', 'NA', '2011-11-02 09:10:49'),
(1307, '1lslnu39nbsmgl7pvgd4rq4d91', 'admin', 'admin', 'NA', '2011-11-02 09:10:49'),
(1308, '1lslnu39nbsmgl7pvgd4rq4d91', 'dean', 'dean', 'NA', '2011-11-02 09:11:08'),
(1309, '1lslnu39nbsmgl7pvgd4rq4d91', 'dean', 'dean', 'NA', '2011-11-02 09:11:08'),
(1310, '1lslnu39nbsmgl7pvgd4rq4d91', 'sam', 'sam', 'NA', '2011-11-02 12:12:12'),
(1311, '1lslnu39nbsmgl7pvgd4rq4d91', 'sam', 'sam', 'NA', '2011-11-02 12:12:12'),
(1312, 'rurheu5l4qsot3alie7p5jtmh6', 'vivek_vishwakar', 'iitian2010', 'NA', '2011-11-02 17:51:15'),
(1313, 'rurheu5l4qsot3alie7p5jtmh6', 'vivek_vishwakar', 'iitian2010', 'NA', '2011-11-02 17:51:32'),
(1314, '05s2l9c93irmg8vgb94u6nruf5', 'siddhant_mohan', 'sid221992', 'NA', '2011-11-04 13:56:42'),
(1315, 'n7troului53umev4nhu75oa442', 'admin', 'admin', 'NA', '2011-11-25 22:18:27'),
(1316, 'n7troului53umev4nhu75oa442', 'admin', 'admin', 'NA', '2011-11-25 22:18:27'),
(1317, '0k9708ajh5dkhlc1g4h297hj31', 'sam', 'sam', 'NA', '2011-12-02 16:36:52'),
(1318, '0k9708ajh5dkhlc1g4h297hj31', 'sam', 'sam', 'NA', '2011-12-02 16:36:52'),
(1319, '0k9708ajh5dkhlc1g4h297hj31', 'sam1', 'sam', 'NA', '2011-12-02 16:39:00'),
(1320, '0k9708ajh5dkhlc1g4h297hj31', 'sam1', 'sam', 'NA', '2011-12-02 16:39:00'),
(1321, '0k9708ajh5dkhlc1g4h297hj31', 'teacher2', 'teacher2', 'NA', '2011-12-02 16:39:33'),
(1322, '0k9708ajh5dkhlc1g4h297hj31', 'teacher2', 'teacher2', 'NA', '2011-12-02 16:39:33'),
(1323, '0k9708ajh5dkhlc1g4h297hj31', 'sam1', 'sam', 'NA', '2011-12-02 16:40:04'),
(1324, '0k9708ajh5dkhlc1g4h297hj31', 'sam1', 'sam', 'NA', '2011-12-02 16:40:04'),
(1325, '0k9708ajh5dkhlc1g4h297hj31', 'teacher2', 'teacher2', 'NA', '2011-12-02 16:40:24'),
(1326, '0k9708ajh5dkhlc1g4h297hj31', 'teacher2', 'teacher2', 'NA', '2011-12-02 16:40:24'),
(1327, '0k9708ajh5dkhlc1g4h297hj31', 'sam1', 'sam', 'NA', '2011-12-02 16:40:37'),
(1328, '0k9708ajh5dkhlc1g4h297hj31', 'sam1', 'sam', 'NA', '2011-12-02 16:40:37'),
(1329, '0k9708ajh5dkhlc1g4h297hj31', 'dean', 'dean', 'NA', '2011-12-02 16:41:01'),
(1330, '0k9708ajh5dkhlc1g4h297hj31', 'dean', 'dean', 'NA', '2011-12-02 16:41:01'),
(1331, '0k9708ajh5dkhlc1g4h297hj31', 'admin', 'admin', 'NA', '2011-12-02 16:42:56'),
(1332, '0k9708ajh5dkhlc1g4h297hj31', 'admin', 'admin', 'NA', '2011-12-02 16:42:56'),
(1333, '0k9708ajh5dkhlc1g4h297hj31', 'sam', 'sam', 'NA', '2011-12-02 16:44:42'),
(1334, '0k9708ajh5dkhlc1g4h297hj31', 'sam', 'sam', 'NA', '2011-12-02 16:44:42'),
(1335, '5ieqfu5k82e06r5i6j1quhfku7', 'admin', 'admin', 'NA', '2012-01-04 12:40:50'),
(1336, '5ieqfu5k82e06r5i6j1quhfku7', 'admin', 'admin', 'NA', '2012-01-04 12:40:50'),
(1337, '3f2g0jn3rj2k5qicc5l6qi6sj0', 'admin', 'admin', 'NA', '2012-01-04 23:36:35'),
(1338, '3f2g0jn3rj2k5qicc5l6qi6sj0', 'admin', 'admin', 'NA', '2012-01-04 23:36:35'),
(1339, 'mcv2sk7olrat8mc2f2chgg0aa2', 'sam', 'sam', 'NA', '2012-01-07 22:03:42'),
(1340, 'mcv2sk7olrat8mc2f2chgg0aa2', 'sam', 'sam', 'NA', '2012-01-07 22:03:42'),
(1341, 'mcv2sk7olrat8mc2f2chgg0aa2', 'admin', 'admin', 'NA', '2012-01-07 22:04:20'),
(1342, 'mcv2sk7olrat8mc2f2chgg0aa2', 'admin', 'admin', 'NA', '2012-01-07 22:04:20'),
(1343, 'mcv2sk7olrat8mc2f2chgg0aa2', 'teacher1', 'teacher1', 'NA', '2012-01-07 22:04:47'),
(1344, 'mcv2sk7olrat8mc2f2chgg0aa2', 'teacher1', 'teacher1', 'NA', '2012-01-07 22:04:47'),
(1345, 'mcv2sk7olrat8mc2f2chgg0aa2', 'sam', 'sam', 'NA', '2012-01-07 22:07:16'),
(1346, 'mcv2sk7olrat8mc2f2chgg0aa2', 'sam', 'sam', 'NA', '2012-01-07 22:07:16'),
(1347, 'kh7mplbrk45bpuv2u7bkqerv27', 'admin', 'admin', 'NA', '2012-01-09 12:46:47'),
(1348, 'kh7mplbrk45bpuv2u7bkqerv27', 'admin', 'admin', 'NA', '2012-01-09 12:46:47'),
(1349, 'kh7mplbrk45bpuv2u7bkqerv27', 'admin', 'admin', 'NA', '2012-01-09 12:47:59'),
(1350, 'kh7mplbrk45bpuv2u7bkqerv27', 'admin', 'admin', 'NA', '2012-01-09 12:47:59'),
(1351, 'kh7mplbrk45bpuv2u7bkqerv27', 'teacher1', 'teacher1', 'NA', '2012-01-09 12:53:50'),
(1352, 'kh7mplbrk45bpuv2u7bkqerv27', 'teacher1', 'teacher1', 'NA', '2012-01-09 12:53:50'),
(1353, 'kh7mplbrk45bpuv2u7bkqerv27', 'shiv', 'shivansh', 'NA', '2012-01-09 12:55:22'),
(1354, 'kh7mplbrk45bpuv2u7bkqerv27', 'shiv', 'shivansh', 'NA', '2012-01-09 12:55:22'),
(1355, 'kh7mplbrk45bpuv2u7bkqerv27', 'teacher1', 'teacher1', 'NA', '2012-01-09 12:56:24'),
(1356, 'kh7mplbrk45bpuv2u7bkqerv27', 'teacher1', 'teacher1', 'NA', '2012-01-09 12:56:24'),
(1357, 'kh7mplbrk45bpuv2u7bkqerv27', 'shiv', 'shivansh', 'NA', '2012-01-09 12:57:05'),
(1358, 'kh7mplbrk45bpuv2u7bkqerv27', 'shiv', 'shivansh', 'NA', '2012-01-09 12:57:05'),
(1359, 'kh7mplbrk45bpuv2u7bkqerv27', 'director', 'director', 'NA', '2012-01-09 13:02:03'),
(1360, 'kh7mplbrk45bpuv2u7bkqerv27', 'dean', 'dean', 'NA', '2012-01-09 13:02:18'),
(1361, 'kh7mplbrk45bpuv2u7bkqerv27', 'dean', 'dean', 'NA', '2012-01-09 13:02:18'),
(1362, 'kh7mplbrk45bpuv2u7bkqerv27', 'dean', 'dean', 'NA', '2012-01-09 13:08:01'),
(1363, 'kh7mplbrk45bpuv2u7bkqerv27', 'dean', 'dean', 'NA', '2012-01-09 13:08:01'),
(1364, 'dj58dishb9k4o0mh1kr1n7ne27', 'dean', 'dean', 'NA', '2012-01-09 16:02:37'),
(1365, 'dj58dishb9k4o0mh1kr1n7ne27', 'dean', 'dean', 'NA', '2012-01-09 16:02:37'),
(1366, 'dj58dishb9k4o0mh1kr1n7ne27', 'admin', 'admin', 'NA', '2012-01-09 16:02:53'),
(1367, 'dj58dishb9k4o0mh1kr1n7ne27', 'admin', 'admin', 'NA', '2012-01-09 16:02:53'),
(1368, 'dj58dishb9k4o0mh1kr1n7ne27', 'sam', 'sam', 'NA', '2012-01-09 16:03:08'),
(1369, 'dj58dishb9k4o0mh1kr1n7ne27', 'sam', 'sam', 'NA', '2012-01-09 16:03:08'),
(1370, 'dj58dishb9k4o0mh1kr1n7ne27', 'shiv', 'shivansh', 'NA', '2012-01-09 16:03:21'),
(1371, 'dj58dishb9k4o0mh1kr1n7ne27', 'shiv', 'shivansh', 'NA', '2012-01-09 16:03:21'),
(1372, '2r9u2bi52j0bmqb43c7890kr56', 'dean', 'dean', 'NA', '2012-01-12 16:54:09'),
(1373, '2r9u2bi52j0bmqb43c7890kr56', 'dean', 'dean', 'NA', '2012-01-12 16:54:09'),
(1374, 'sbro4mbg6klk73113mc4018qf7', 'admin', 'admin', 'NA', '2012-01-13 11:09:37'),
(1375, 'sbro4mbg6klk73113mc4018qf7', 'admin', 'admin', 'NA', '2012-01-13 11:09:37'),
(1376, 'ihonacp7vdi1sf48hsfc3lu5s7', 'student1', 'student1', 'NA', '2012-01-13 11:16:43'),
(1377, 'ihonacp7vdi1sf48hsfc3lu5s7', 'sam', 'sam', 'NA', '2012-01-13 11:16:49'),
(1378, 'ihonacp7vdi1sf48hsfc3lu5s7', 'sam', 'sam', 'NA', '2012-01-13 11:16:49'),
(1379, 'ihonacp7vdi1sf48hsfc3lu5s7', 'dean', 'dean', 'NA', '2012-01-13 11:20:08'),
(1380, 'ihonacp7vdi1sf48hsfc3lu5s7', 'dean', 'dean', 'NA', '2012-01-13 11:20:08'),
(1381, 'ihonacp7vdi1sf48hsfc3lu5s7', 'sam1', 'sam', 'NA', '2012-01-13 11:21:43'),
(1382, 'ihonacp7vdi1sf48hsfc3lu5s7', 'sam1', 'sam', 'NA', '2012-01-13 11:21:43'),
(1383, 'ihonacp7vdi1sf48hsfc3lu5s7', 'studen1', 'student1', 'NA', '2012-01-13 11:22:35'),
(1384, 'ihonacp7vdi1sf48hsfc3lu5s7', 'admin', 'admin', 'NA', '2012-01-13 11:22:51'),
(1385, 'ihonacp7vdi1sf48hsfc3lu5s7', 'admin', 'admin', 'NA', '2012-01-13 11:22:51'),
(1386, 'ihonacp7vdi1sf48hsfc3lu5s7', 'studen1', 'student1', 'NA', '2012-01-13 11:23:16'),
(1387, 'ihonacp7vdi1sf48hsfc3lu5s7', 'studen1', 'student1', 'NA', '2012-01-13 11:23:30'),
(1388, 'ihonacp7vdi1sf48hsfc3lu5s7', 'admin', 'admin', 'NA', '2012-01-13 11:23:41'),
(1389, 'ihonacp7vdi1sf48hsfc3lu5s7', 'admin', 'admin', 'NA', '2012-01-13 11:23:41'),
(1390, 'ihonacp7vdi1sf48hsfc3lu5s7', 'student1', 'student1', 'NA', '2012-01-13 11:24:22'),
(1391, 'ihonacp7vdi1sf48hsfc3lu5s7', 'admin', 'admin', 'NA', '2012-01-13 11:25:46'),
(1392, 'ihonacp7vdi1sf48hsfc3lu5s7', 'admin', 'admin', 'NA', '2012-01-13 11:25:46'),
(1393, 'ihonacp7vdi1sf48hsfc3lu5s7', 'shiv', 'shivansh', 'NA', '2012-01-13 11:26:06'),
(1394, 'ihonacp7vdi1sf48hsfc3lu5s7', 'shiv', 'shivansh', 'NA', '2012-01-13 11:26:06'),
(1395, 'ihonacp7vdi1sf48hsfc3lu5s7', 'admin', 'admin', 'NA', '2012-01-13 11:26:21'),
(1396, 'ihonacp7vdi1sf48hsfc3lu5s7', 'admin', 'admin', 'NA', '2012-01-13 11:26:21'),
(1397, 'ihonacp7vdi1sf48hsfc3lu5s7', 'teacher1', 'teacher1', 'NA', '2012-01-13 11:26:49'),
(1398, 'ihonacp7vdi1sf48hsfc3lu5s7', 'teacher1', 'teacher1', 'NA', '2012-01-13 11:26:49'),
(1399, 'ihonacp7vdi1sf48hsfc3lu5s7', 'shiv', 'shivansh', 'NA', '2012-01-13 11:27:01'),
(1400, 'ihonacp7vdi1sf48hsfc3lu5s7', 'shiv', 'shivansh', 'NA', '2012-01-13 11:27:01'),
(1401, 'ihonacp7vdi1sf48hsfc3lu5s7', 'teacher1', 'teacher1', 'NA', '2012-01-13 11:27:22'),
(1402, 'ihonacp7vdi1sf48hsfc3lu5s7', 'teacher1', 'teacher1', 'NA', '2012-01-13 11:27:22'),
(1403, 'ihonacp7vdi1sf48hsfc3lu5s7', 'shiv', 'shivansh', 'NA', '2012-01-13 11:27:36'),
(1404, 'ihonacp7vdi1sf48hsfc3lu5s7', 'shiv', 'shivansh', 'NA', '2012-01-13 11:27:36'),
(1405, 'ihonacp7vdi1sf48hsfc3lu5s7', 'dean', 'dean', 'NA', '2012-01-13 11:28:56'),
(1406, 'ihonacp7vdi1sf48hsfc3lu5s7', 'dean', 'dean', 'NA', '2012-01-13 11:28:56'),
(1407, 'ihonacp7vdi1sf48hsfc3lu5s7', 'teacher1', 'teacher1', 'NA', '2012-01-13 11:30:22'),
(1408, 'ihonacp7vdi1sf48hsfc3lu5s7', 'teacher1', 'teacher1', 'NA', '2012-01-13 11:30:22'),
(1409, 'ihonacp7vdi1sf48hsfc3lu5s7', 'teacher4', 'teacher4', 'NA', '2012-01-13 11:33:03'),
(1410, 'ihonacp7vdi1sf48hsfc3lu5s7', 'teacher4', 'teacher4', 'NA', '2012-01-13 11:33:03'),
(1411, 'ihonacp7vdi1sf48hsfc3lu5s7', 'admin', 'admin', 'NA', '2012-01-13 11:34:13'),
(1412, 'ihonacp7vdi1sf48hsfc3lu5s7', 'admin', 'admin', 'NA', '2012-01-13 11:34:13'),
(1413, 'rrm0700m1hs4gn63c6ssvut233', 'sam', 'sam', 'NA', '2012-01-13 16:19:51'),
(1414, 'rrm0700m1hs4gn63c6ssvut233', 'sam', 'sam', 'NA', '2012-01-13 16:19:51'),
(1415, 'rrm0700m1hs4gn63c6ssvut233', 'admin', 'admin', 'NA', '2012-01-13 16:23:41'),
(1416, 'rrm0700m1hs4gn63c6ssvut233', 'admin', 'admin', 'NA', '2012-01-13 16:23:41'),
(1417, 'rrm0700m1hs4gn63c6ssvut233', 'dean', 'dean', 'NA', '2012-01-13 16:26:04'),
(1418, 'rrm0700m1hs4gn63c6ssvut233', 'dean', 'dean', 'NA', '2012-01-13 16:26:04'),
(1419, '15dnh030fgru0ktquvpod07gv7', 'himalaya', 'mail@iitmandi.a', 'NA', '2012-01-20 09:35:34'),
(1420, '15dnh030fgru0ktquvpod07gv7', 'himalaya', 'mail@iitmandi.a', 'NA', '2012-01-20 09:39:35'),
(1421, '3n667gnt0vuso6h31tcksqrhc3', 'admin', 'admin', 'NA', '2012-01-26 19:34:17'),
(1422, '3n667gnt0vuso6h31tcksqrhc3', 'admin', 'admin', 'NA', '2012-01-26 19:34:17'),
(1423, '3n667gnt0vuso6h31tcksqrhc3', 'dean ', 'dean', 'NA', '2012-01-26 19:34:41'),
(1424, '3n667gnt0vuso6h31tcksqrhc3', 'dean ', 'dean', 'NA', '2012-01-26 19:34:41'),
(1425, '3n667gnt0vuso6h31tcksqrhc3', 'shiv', 'shivansh', 'NA', '2012-01-26 19:34:59'),
(1426, '3n667gnt0vuso6h31tcksqrhc3', 'shiv', 'shivansh', 'NA', '2012-01-26 19:34:59'),
(1427, '3n667gnt0vuso6h31tcksqrhc3', 'student12', 'student12', 'NA', '2012-01-26 19:36:09'),
(1428, '3n667gnt0vuso6h31tcksqrhc3', 'student12', 'student12', 'NA', '2012-01-26 19:36:09'),
(1429, '3n667gnt0vuso6h31tcksqrhc3', 'admin', 'admin', 'NA', '2012-01-26 19:36:44'),
(1430, '3n667gnt0vuso6h31tcksqrhc3', 'admin', 'admin', 'NA', '2012-01-26 19:36:44'),
(1431, '3n667gnt0vuso6h31tcksqrhc3', 'teacher3', 'teacher3', 'NA', '2012-01-26 19:37:25'),
(1432, '3n667gnt0vuso6h31tcksqrhc3', 'teacher1', 'teacher1', 'NA', '2012-01-26 19:37:34'),
(1433, '3n667gnt0vuso6h31tcksqrhc3', 'teacher1', 'teacher1', 'NA', '2012-01-26 19:37:34'),
(1434, 'e8hifhfufejeg38dhbgcrbmu03', 'sam', 'sam', 'NA', '2012-02-06 10:39:22'),
(1435, 'e8hifhfufejeg38dhbgcrbmu03', 'sam', 'sam', 'NA', '2012-02-06 10:39:22'),
(1436, 'e8hifhfufejeg38dhbgcrbmu03', 'admin', 'admin', 'NA', '2012-02-06 10:39:50'),
(1437, 'e8hifhfufejeg38dhbgcrbmu03', 'admin', 'admin', 'NA', '2012-02-06 10:39:50'),
(1438, 'ruoj6r4l14ms5e6chfe4mk3t87', 'sam', 'sam', 'NA', '2012-03-09 17:11:33'),
(1439, 'ruoj6r4l14ms5e6chfe4mk3t87', 'sam', 'sam', 'NA', '2012-03-09 17:11:33'),
(1440, 'ruoj6r4l14ms5e6chfe4mk3t87', 'admin', 'admin', 'NA', '2012-03-09 17:13:14'),
(1441, 'ruoj6r4l14ms5e6chfe4mk3t87', 'admin', 'admin', 'NA', '2012-03-09 17:13:14'),
(1442, 'ruoj6r4l14ms5e6chfe4mk3t87', 'sam', 'sam', 'NA', '2012-03-09 17:15:41'),
(1443, 'ruoj6r4l14ms5e6chfe4mk3t87', 'sam', 'sam', 'NA', '2012-03-09 17:15:41'),
(1444, 'ruoj6r4l14ms5e6chfe4mk3t87', 'dean', 'dean', 'NA', '2012-03-09 17:19:04'),
(1445, 'ruoj6r4l14ms5e6chfe4mk3t87', 'dean', 'dean', 'NA', '2012-03-09 17:19:04'),
(1446, 'k4um65e8s8je86b588ce2vgh52', 'sam', 'sam', 'NA', '2012-03-12 14:00:15'),
(1447, 'k4um65e8s8je86b588ce2vgh52', 'sam', 'sam', 'NA', '2012-03-12 14:00:15'),
(1448, 'k4um65e8s8je86b588ce2vgh52', 'sam', 'sam', 'NA', '2012-03-12 14:03:40'),
(1449, 'k4um65e8s8je86b588ce2vgh52', 'sam', 'sam', 'NA', '2012-03-12 14:03:40'),
(1450, 'k4um65e8s8je86b588ce2vgh52', 'dean', 'dean', 'NA', '2012-03-12 14:03:48'),
(1451, 'k4um65e8s8je86b588ce2vgh52', 'dean', 'dean', 'NA', '2012-03-12 14:03:48'),
(1452, 'k4um65e8s8je86b588ce2vgh52', 'sam', 'sam', 'NA', '2012-03-12 14:03:58'),
(1453, 'k4um65e8s8je86b588ce2vgh52', 'sam', 'sam', 'NA', '2012-03-12 14:03:58'),
(1454, 'k4um65e8s8je86b588ce2vgh52', 'dean', 'DEAN', 'NA', '2012-03-12 14:08:53'),
(1455, 'k4um65e8s8je86b588ce2vgh52', 'dean', 'dean', 'NA', '2012-03-12 14:09:06'),
(1456, 'k4um65e8s8je86b588ce2vgh52', 'dean', 'dean', 'NA', '2012-03-12 14:09:06'),
(1457, 'k4um65e8s8je86b588ce2vgh52', 'admin', 'admin', 'NA', '2012-03-12 14:09:16'),
(1458, 'k4um65e8s8je86b588ce2vgh52', 'admin', 'admin', 'NA', '2012-03-12 14:09:16'),
(1459, 'k4um65e8s8je86b588ce2vgh52', 'sam', 'sam', 'NA', '2012-03-12 14:09:43'),
(1460, 'k4um65e8s8je86b588ce2vgh52', 'sam', 'sam', 'NA', '2012-03-12 14:09:43'),
(1461, 'k4um65e8s8je86b588ce2vgh52', 'admin', 'admin', 'NA', '2012-03-12 14:10:45'),
(1462, 'k4um65e8s8je86b588ce2vgh52', 'admin', 'admin', 'NA', '2012-03-12 14:10:45'),
(1463, 'ql1mmr4al8l3pr3c243kpe2pb0', 'admin', 'admin', 'NA', '2012-03-12 15:22:07'),
(1464, 'ql1mmr4al8l3pr3c243kpe2pb0', 'admin', 'admin', 'NA', '2012-03-12 15:22:07'),
(1465, '3r23ronj24u904v4i0k48g85l2', 'admin', 'admin', 'NA', '2012-03-15 14:30:08'),
(1466, '3r23ronj24u904v4i0k48g85l2', 'sam', 'samrat', 'NA', '2012-03-15 14:30:17'),
(1467, '3r23ronj24u904v4i0k48g85l2', 'kirti', 'kirti', 'NA', '2012-03-15 14:31:18'),
(1468, '3r23ronj24u904v4i0k48g85l2', 'kirti', 'kirti', 'NA', '2012-03-15 14:31:41'),
(1469, '3r23ronj24u904v4i0k48g85l2', 'kirti', 'kirti', 'NA', '2012-03-15 14:32:31'),
(1470, 'fo8q2ivh598770dokhj2vlctl2', 'admin', 'admin', 'NA', '2012-03-15 14:48:34'),
(1471, 'fo8q2ivh598770dokhj2vlctl2', 'kirti', 'kirti', 'NA', '2012-03-15 14:48:40'),
(1472, 'fo8q2ivh598770dokhj2vlctl2', 'sam', 'sam', 'NA', '2012-03-15 15:06:22'),
(1473, 'fo8q2ivh598770dokhj2vlctl2', 'sam', 'sam', 'NA', '2012-03-15 15:06:22'),
(1474, 'fo8q2ivh598770dokhj2vlctl2', 'abbas', 'abbas', 'NA', '2012-03-15 15:26:54'),
(1475, 'fo8q2ivh598770dokhj2vlctl2', 'abbas', 'abbas', 'NA', '2012-03-15 15:27:10'),
(1476, 'fo8q2ivh598770dokhj2vlctl2', 'abbas', 'abbas', 'NA', '2012-03-15 15:27:53'),
(1477, 'fo8q2ivh598770dokhj2vlctl2', 'kirti', 'kirti', 'NA', '2012-03-15 15:29:06'),
(1478, 'fo8q2ivh598770dokhj2vlctl2', 'kirti', 'kirti', 'NA', '2012-03-15 15:30:04'),
(1479, 'sviu834dft4f09rbsl9a72b521', 'admin', 'admin', 'NA', '2012-03-16 16:22:19'),
(1480, 'sviu834dft4f09rbsl9a72b521', 'abbas', 'abbas', 'NA', '2012-03-16 16:27:28'),
(1481, 'sviu834dft4f09rbsl9a72b521', 'abbas', 'abbas', 'NA', '2012-03-16 16:28:15'),
(1482, 'sviu834dft4f09rbsl9a72b521', 'abbas', 'abbas', 'NA', '2012-03-16 16:28:15'),
(1483, '9uon3imah4jecvvgvgovp2ap83', 'admin', 'admin', 'NA', '2012-03-20 12:59:23'),
(1484, '9uon3imah4jecvvgvgovp2ap83', 'admin', 'admin', 'NA', '2012-03-20 12:59:23'),
(1485, '9uon3imah4jecvvgvgovp2ap83', 'admin', 'admin', 'NA', '2012-03-20 14:52:12'),
(1486, '9uon3imah4jecvvgvgovp2ap83', 'admin', 'admin', 'NA', '2012-03-20 14:52:12'),
(1487, '9uon3imah4jecvvgvgovp2ap83', 'admin', 'admin', 'NA', '2012-03-20 15:07:30'),
(1488, '9uon3imah4jecvvgvgovp2ap83', 'admin', 'admin', 'NA', '2012-03-20 15:07:30'),
(1489, '9uon3imah4jecvvgvgovp2ap83', 'admin', 'admin', 'NA', '2012-03-20 15:23:14'),
(1490, '9uon3imah4jecvvgvgovp2ap83', 'admin', 'admin', 'NA', '2012-03-20 15:23:14'),
(1491, '9uon3imah4jecvvgvgovp2ap83', 'admin', 'admin', 'NA', '2012-03-20 15:33:19'),
(1492, '9uon3imah4jecvvgvgovp2ap83', 'admin', 'admin', 'NA', '2012-03-20 15:33:19'),
(1493, 'u2devm2j99amtbp7gtmk7bfc80', 'admin', 'admin', 'NA', '2012-03-21 11:31:46'),
(1494, 'u2devm2j99amtbp7gtmk7bfc80', 'admin', 'admin', 'NA', '2012-03-21 11:31:46'),
(1495, 'tj0voobpclobpl9399ud8gpv83', 'admin', 'admin', 'NA', '2012-03-21 11:55:54'),
(1496, 'tj0voobpclobpl9399ud8gpv83', 'admin', 'admin', 'NA', '2012-03-21 11:55:54'),
(1497, 'tj0voobpclobpl9399ud8gpv83', 'admin', 'admin', 'NA', '2012-03-21 12:19:48'),
(1498, 'tj0voobpclobpl9399ud8gpv83', 'admin', 'admin', 'NA', '2012-03-21 12:19:48'),
(1499, 'tj0voobpclobpl9399ud8gpv83', 'admin', 'admin', 'NA', '2012-03-21 13:04:29'),
(1500, 'tj0voobpclobpl9399ud8gpv83', 'admin', 'admin', 'NA', '2012-03-21 13:04:29'),
(1501, 'opt19dlepbi0rfb1eqo1rqekc4', 'admin', 'admin', 'NA', '2012-03-21 15:45:55'),
(1502, 'opt19dlepbi0rfb1eqo1rqekc4', 'admin', 'admin', 'NA', '2012-03-21 15:45:55'),
(1503, 'krarsr9rd2u4u8n28q913a8u91', 'admin', 'admin', 'NA', '2012-03-21 21:56:15'),
(1504, 'krarsr9rd2u4u8n28q913a8u91', 'admin', 'admin', 'NA', '2012-03-21 21:56:15'),
(1505, 'ev3iv28j274o1p9mvehqm9ng07', 'admin', 'admin', 'NA', '2012-03-22 15:51:16'),
(1506, 'ev3iv28j274o1p9mvehqm9ng07', 'admin', 'admin', 'NA', '2012-03-22 15:51:16'),
(1507, 'v6j9mv4763i6vl0t546p8o3bp4', 'gavale_samrat', '@94596cse!', 'NA', '2012-04-02 19:07:11'),
(1508, 'v6j9mv4763i6vl0t546p8o3bp4', 'gavale_samrat', '@94596cse!', 'NA', '2012-04-02 19:15:16'),
(1509, 'v6j9mv4763i6vl0t546p8o3bp4', 'gavale_samrat', '@94596cse!', 'NA', '2012-04-02 21:44:09'),
(1510, 'v6j9mv4763i6vl0t546p8o3bp4', 'admin', 'admi', 'NA', '2012-04-02 21:47:47'),
(1511, 'vr7dv6heve57fnsam1bqbrvvh5', 'gavale_samrat', '@94596cse!', 'NA', '2012-04-03 09:04:59'),
(1512, 'vr7dv6heve57fnsam1bqbrvvh5', 'gavale_samrat', '@94596cse!', 'NA', '2012-04-03 09:38:02'),
(1513, 'vr7dv6heve57fnsam1bqbrvvh5', 'gavale_samrat', '@94596cse!', 'NA', '2012-04-03 09:40:48'),
(1514, 'vr7dv6heve57fnsam1bqbrvvh5', 'gavale_samrat', '@94596cse!', 'NA', '2012-04-03 09:41:56'),
(1515, 'vr7dv6heve57fnsam1bqbrvvh5', 'gavale_samrat', '@94596cse!', 'NA', '2012-04-03 09:59:13'),
(1516, 'vr7dv6heve57fnsam1bqbrvvh5', 'gavale_samrat', '@9456cse!', 'NA', '2012-04-03 10:00:14'),
(1517, 'vr7dv6heve57fnsam1bqbrvvh5', 'gavale_samrat', '@94596cse!', 'NA', '2012-04-03 10:01:30'),
(1518, 'vr7dv6heve57fnsam1bqbrvvh5', 'gavale_samrat', '@94596cse!', 'NA', '2012-04-03 10:16:50'),
(1519, 'vr7dv6heve57fnsam1bqbrvvh5', 'admin', 'admin', 'NA', '2012-04-03 10:31:18'),
(1520, 'vr7dv6heve57fnsam1bqbrvvh5', 'gavale_samrat', '@94596cse!', 'NA', '2012-04-03 10:31:32'),
(1521, 'vr7dv6heve57fnsam1bqbrvvh5', 'gavale_samrat', '@94596cse!', 'NA', '2012-04-03 13:07:04'),
(1522, 'vr7dv6heve57fnsam1bqbrvvh5', 'gavale_samrat', '@94596cse!', 'NA', '2012-04-03 13:10:41'),
(1523, 'vr7dv6heve57fnsam1bqbrvvh5', 'abhimanyu_kumar', 'ravi1234', 'NA', '2012-04-03 13:13:30'),
(1524, 'vr7dv6heve57fnsam1bqbrvvh5', 'gavale_samrat', '@94596cse!', 'NA', '2012-04-03 13:14:26'),
(1525, 'vr7dv6heve57fnsam1bqbrvvh5', 'gavale_samrat', '@94596cse!', 'NA', '2012-04-03 13:20:58'),
(1526, 'vr7dv6heve57fnsam1bqbrvvh5', 'gavale_samrat', '@94596cse!', 'NA', '2012-04-03 13:22:24'),
(1527, 'vr7dv6heve57fnsam1bqbrvvh5', 'admin', 'admin', 'NA', '2012-04-03 13:24:20'),
(1528, 'vr7dv6heve57fnsam1bqbrvvh5', 'admin', 'admin', 'NA', '2012-04-03 13:24:24'),
(1529, 'vr7dv6heve57fnsam1bqbrvvh5', 'gavale_samrat', '@94596cse!', 'NA', '2012-04-03 13:26:34'),
(1530, 'vr7dv6heve57fnsam1bqbrvvh5', 'admin', 'admin', 'NA', '2012-04-03 13:30:30'),
(1531, 'vr7dv6heve57fnsam1bqbrvvh5', 'admin', 'mail@beas9', 'NA', '2012-04-03 13:31:02'),
(1532, 'vr7dv6heve57fnsam1bqbrvvh5', 'gavale_samrat', '@94596cse!', 'NA', '2012-04-03 13:32:15'),
(1533, 'vr7dv6heve57fnsam1bqbrvvh5', 'admin', 'admin', 'NA', '2012-04-03 13:32:32'),
(1534, 'vr7dv6heve57fnsam1bqbrvvh5', 'admin', 'mail@beas9', 'NA', '2012-04-03 13:32:39'),
(1535, 'vr7dv6heve57fnsam1bqbrvvh5', 'admin', 'mail@beas2', 'NA', '2012-04-03 13:34:25'),
(1536, 'vr7dv6heve57fnsam1bqbrvvh5', 'admin', 'mail@beas9', 'NA', '2012-04-03 13:34:45'),
(1537, 'e0smftrn4aiu5l5tb1ad012281', 'admin', 'mail@beas9', 'NA', '2012-04-03 13:35:58'),
(1538, 'e0smftrn4aiu5l5tb1ad012281', 'admin', 'mail@beas2', 'NA', '2012-04-03 13:36:45'),
(1539, 'e0smftrn4aiu5l5tb1ad012281', 'admin', 'mail@beas9', 'NA', '2012-04-03 13:37:04'),
(1540, 'e0smftrn4aiu5l5tb1ad012281', 'admin', 'mail@beas2', 'NA', '2012-04-03 13:37:14'),
(1541, 'vr7dv6heve57fnsam1bqbrvvh5', 'dean', 'dean', 'NA', '2012-04-03 13:40:21'),
(1542, 'h2kdafdi87a1im45jr53l61fq1', 'gavale_samrat', '@cse!', 'NA', '2012-04-03 16:56:06'),
(1543, 'h2kdafdi87a1im45jr53l61fq1', 'gavale_samrat', '@cse!', 'NA', '2012-04-03 16:56:11'),
(1544, 'h2kdafdi87a1im45jr53l61fq1', 'gavale_samrat', '@94596cse!', 'NA', '2012-04-03 16:56:51'),
(1545, 'h2kdafdi87a1im45jr53l61fq1', 'gavale_samrat', '@94596cse!', 'NA', '2012-04-03 16:58:42'),
(1546, 'h2kdafdi87a1im45jr53l61fq1', 'gavale_samrat', '@94596cse!', 'NA', '2012-04-03 16:59:11'),
(1547, 'kofk0601rfd4j6hljhv5t7njt4', 'gavale_samrat', '@94596cse!', 'NA', '2012-04-03 17:50:24'),
(1548, 'atnovpgef0fivspao0jsrvdhu1', 'naresh27891', 'thewinseacode', 'NA', '2012-04-03 17:55:03'),
(1549, 'kofk0601rfd4j6hljhv5t7njt4', 'admin', 'mail@beas2', 'NA', '2012-04-03 17:57:37'),
(1550, 'kofk0601rfd4j6hljhv5t7njt4', 'gavale_samrat', '@94596cse!', 'NA', '2012-04-03 17:58:07'),
(1551, '6751lesvlkqaltplnchq5d9vu2', 'gavale_samrat', '@94596cse!', 'NA', '2012-04-03 23:00:21'),
(1552, 'tod9d4djf74d1c48k2mtcl3682', 'gavale_samrat', '94596cse!', 'NA', '2012-04-10 11:13:37'),
(1553, 'tod9d4djf74d1c48k2mtcl3682', 'amit_s', 'as233', 'NA', '2012-04-10 11:21:39'),
(1554, '96nii3nfq4gjncc9filvuajhq7', 'tushar_dublish', '01204338625', 'NA', '2012-04-10 14:24:45'),
(1555, '2slv2gvfnsgdng814rh19l3rt2', 'gavale_samrat', '@94596cse!', 'NA', '2012-04-13 16:27:10'),
(1556, '0j5d3tkhpc5b9a63kvsb5tcma0', 'gavale_samrat', '@94596cse!', 'NA', '2012-04-19 13:28:14'),
(1557, '0j5d3tkhpc5b9a63kvsb5tcma0', 'admin', 'beas@mandi2', 'NA', '2012-04-19 13:36:08'),
(1558, '0j5d3tkhpc5b9a63kvsb5tcma0', 'admin', 'beas@mandi9', 'NA', '2012-04-19 13:36:22'),
(1559, '0j5d3tkhpc5b9a63kvsb5tcma0', 'admin', 'beas@mandi8', 'NA', '2012-04-19 13:36:54'),
(1560, '0j5d3tkhpc5b9a63kvsb5tcma0', 'admin', 'beas@mandi9', 'NA', '2012-04-19 13:41:02'),
(1561, '0j5d3tkhpc5b9a63kvsb5tcma0', 'admin', 'beas@mandi2', 'NA', '2012-04-19 13:41:13'),
(1562, '0j5d3tkhpc5b9a63kvsb5tcma0', 'admin', 'beas@mandi91#', 'NA', '2012-04-19 13:43:39'),
(1563, '9775fcufo1be91ap4req2o3a37', 'gavale_samrat', '@94596cse!', 'NA', '2012-04-20 11:12:10'),
(1564, '5gg7agoh79ksuumokbjap4v037', 'shubham_ajmera', 'sa445', 'NA', '2012-04-20 14:51:39'),
(1565, 'l7ut4a3qdam14d8gheulcrf4o7', 'gavale_samrat', '@94596cse!', 'NA', '2012-04-20 17:22:58'),
(1566, 'l7ut4a3qdam14d8gheulcrf4o7', 'gavale_samrat', '@94596cse!', 'NA', '2012-04-20 17:23:13'),
(1567, 'lpqnfr2g8vkeusellqksno0up2', 'admin', 'beas@mandi2', 'NA', '2012-04-20 17:24:04'),
(1568, 'lpqnfr2g8vkeusellqksno0up2', 'admin', 'beas@mandi90', 'NA', '2012-04-20 17:24:22'),
(1569, 'lpqnfr2g8vkeusellqksno0up2', 'gavale_samrat', '@94596cse!', 'NA', '2012-04-20 17:24:37'),
(1570, '4lph2ks5qotdf462drul840ug5', 'kanv_garg', 'imthebest123', 'NA', '2012-04-20 17:25:20'),
(1571, '4lph2ks5qotdf462drul840ug5', 'gavale_samrat', '@94596cse!', 'NA', '2012-04-20 17:26:01'),
(1572, 'a6h2p1nd78ttlqm5gc9qg3qqq3', 'admin', 'beas@mandi12#', 'NA', '2012-04-20 19:18:59'),
(1573, '57cc7pbn11o9nhj5otto46mi15', 'gavale_samrat', '@94596cse!', 'NA', '2012-04-23 10:18:31'),
(1574, '57cc7pbn11o9nhj5otto46mi15', 'gavale_samrat', '@94596cse!', 'NA', '2012-04-23 10:18:50'),
(1575, '57cc7pbn11o9nhj5otto46mi15', 'gavale_samrat', '@94596cse!', 'NA', '2012-04-23 10:18:55'),
(1576, '57cc7pbn11o9nhj5otto46mi15', 'gavale_samrat', '@94596cse!', 'NA', '2012-04-23 10:18:57'),
(1577, '57cc7pbn11o9nhj5otto46mi15', 'gavale_samrat', '@94596cse!', 'NA', '2012-04-23 10:18:58'),
(1578, '57cc7pbn11o9nhj5otto46mi15', 'gavale_samrat', '@94596cse!', 'NA', '2012-04-23 10:18:59'),
(1579, '57cc7pbn11o9nhj5otto46mi15', 'gavale_samrat', '@94596cse!', 'NA', '2012-04-23 10:18:59'),
(1580, 'bbgu34830gbnpd03c8pn0mqth2', 'gavale_samrat', '@94596cse!', 'NA', '2012-04-25 09:08:18');

-- --------------------------------------------------------

--
-- Table structure for table `crc_states`
--

CREATE TABLE IF NOT EXISTS `crc_states` (
  `state_id` int(11) NOT NULL AUTO_INCREMENT,
  `state_name` varchar(50) NOT NULL DEFAULT '',
  `state_desc` text NOT NULL,
  PRIMARY KEY (`state_id`)
) ENGINE=MyISAM  DEFAULT CHARSET=latin1 AUTO_INCREMENT=6 ;

--
-- Dumping data for table `crc_states`
--


-- --------------------------------------------------------

--
-- Table structure for table `crc_student_schedule`
--

CREATE TABLE IF NOT EXISTS `crc_student_schedule` (
  `student_schedule_id` int(11) NOT NULL AUTO_INCREMENT,
  `student_schedule_profile_id` int(11) NOT NULL DEFAULT '0',
  `student_schedule_schedule_id` int(11) NOT NULL DEFAULT '0',
  `student_schedule_paid` char(1) NOT NULL DEFAULT 'U',
  `student_schedule_amount` int(11) NOT NULL DEFAULT '0',
  `student_schedule_questions` tinyint(1) NOT NULL DEFAULT '0',
  PRIMARY KEY (`student_schedule_id`)
) ENGINE=MyISAM  DEFAULT CHARSET=latin1 AUTO_INCREMENT=68 ;

--
-- Dumping data for table `crc_student_schedule`
--


-- --------------------------------------------------------

--
-- Table structure for table `crc_teacher_schedule`
--

CREATE TABLE IF NOT EXISTS `crc_teacher_schedule` (
  `teacher_schedule_id` int(11) NOT NULL AUTO_INCREMENT,
  `teacher_schedule_profile_id` int(11) NOT NULL DEFAULT '0',
  `teacher_schedule_schedule_id` int(11) NOT NULL DEFAULT '0',
  `teacher_schedule_evaluation` int(11) NOT NULL DEFAULT '0',
  PRIMARY KEY (`teacher_schedule_id`)
) ENGINE=MyISAM  DEFAULT CHARSET=latin1 AUTO_INCREMENT=104 ;

--
-- Dumping data for table `crc_teacher_schedule`
--

INSERT INTO `crc_teacher_schedule` (`teacher_schedule_id`, `teacher_schedule_profile_id`, `teacher_schedule_schedule_id`, `teacher_schedule_evaluation`) VALUES
(1, 1, 1, 0),
(2, 2, 2, 0),
(57, 23, 4, 0),
(56, 3, 4, 0),
(60, 6, 7, 0),
(59, 5, 6, 0),
(7, 7, 7, 0),
(8, 8, 8, 0),
(9, 9, 9, 0),
(62, 9, 10, 0),
(64, 11, 12, 0),
(65, 11, 13, 0),
(66, 12, 13, 0),
(67, 13, 14, 0),
(68, 14, 15, 0),
(69, 15, 16, 0),
(71, 16, 18, 0),
(73, 18, 19, 0),
(74, 19, 20, 0),
(76, 21, 22, 0),
(75, 20, 21, 0),
(79, 24, 25, 0),
(77, 9, 23, 0),
(78, 22, 24, 0),
(80, 23, 27, 0),
(26, 26, 26, 0),
(82, 26, 29, 0),
(81, 25, 28, 0),
(85, 14, 32, 0),
(83, 27, 30, 0),
(84, 28, 31, 0),
(89, 15, 36, 0),
(86, 5, 33, 0),
(87, 29, 34, 0),
(88, 7, 35, 0),
(90, 17, 37, 0),
(91, 30, 39, 0),
(38, 38, 38, 0),
(39, 39, 39, 0),
(40, 40, 40, 0),
(41, 41, 41, 0),
(42, 42, 42, 0),
(43, 43, 43, 0),
(44, 44, 44, 0),
(45, 45, 45, 0),
(46, 46, 46, 0),
(47, 47, 47, 0),
(48, 48, 48, 0),
(49, 49, 49, 0),
(50, 50, 50, 0),
(51, 51, 51, 0),
(52, 52, 52, 0),
(53, 53, 53, 0),
(54, 54, 54, 0),
(55, 2, 3, 0),
(58, 4, 5, 0),
(61, 37, 7, 0),
(63, 10, 11, 0),
(70, 16, 17, 0),
(72, 17, 18, 0),
(92, 31, 40, 0),
(93, 32, 41, 0),
(94, 21, 42, 0),
(95, 33, 45, 0),
(96, 34, 46, 0),
(97, 35, 48, 0),
(98, 2, 49, 0),
(99, 24, 51, 0),
(100, 12, 52, 0),
(101, 11, 53, 0),
(102, 12, 53, 0),
(103, 36, 54, 0);

-- --------------------------------------------------------

--
-- Table structure for table `crc_venue`
--

CREATE TABLE IF NOT EXISTS `crc_venue` (
  `venue_id` int(11) NOT NULL AUTO_INCREMENT,
  `venue_name` varchar(100) NOT NULL DEFAULT '',
  `venue_desc` varchar(100) NOT NULL DEFAULT '',
  `venue_shortname` varchar(8) NOT NULL DEFAULT '',
  PRIMARY KEY (`venue_id`)
) ENGINE=MyISAM  DEFAULT CHARSET=latin1 AUTO_INCREMENT=2 ;

--
-- Dumping data for table `crc_venue`
--


-- --------------------------------------------------------

--
-- Table structure for table `enrollments`
--

CREATE TABLE IF NOT EXISTS `enrollments` (
  `enrollment_id` int(7) NOT NULL AUTO_INCREMENT,
  `student_profile_id` int(7) DEFAULT NULL,
  `course_id` int(5) DEFAULT NULL,
  `approved` tinyint(1) DEFAULT '0',
  `feedback_status` tinyint(1) DEFAULT '0',
  PRIMARY KEY (`enrollment_id`)
) ENGINE=MyISAM DEFAULT CHARSET=latin1 AUTO_INCREMENT=1 ;

--
-- Dumping data for table `enrollments`
--


-- --------------------------------------------------------

--
-- Table structure for table `profiles`
--

CREATE TABLE IF NOT EXISTS `profiles` (
  `profile_id` int(11) NOT NULL AUTO_INCREMENT,
  `profile_uid` varchar(100) NOT NULL DEFAULT '',
  `profile_pwd` varchar(40) NOT NULL DEFAULT '',
  `profile_enrollno` varchar(40) NOT NULL DEFAULT '',
  `profile_name` varchar(100) NOT NULL DEFAULT '',
  `profile_email` varchar(100) NOT NULL DEFAULT '',
  `profile_dob` date NOT NULL DEFAULT '2010-01-01',
  `profile_gender` varchar(6) NOT NULL DEFAULT 'M',
  `profile_role_id` int(11) NOT NULL DEFAULT '0',
  `profile_active` tinyint(1) NOT NULL DEFAULT '1',
  `profile_date` timestamp NOT NULL DEFAULT CURRENT_TIMESTAMP ON UPDATE CURRENT_TIMESTAMP,
  PRIMARY KEY (`profile_id`,`profile_uid`,`profile_email`)
) ENGINE=MyISAM  DEFAULT CHARSET=latin1 AUTO_INCREMENT=414 ;

--
-- Dumping data for table `profiles`
--

INSERT INTO `profiles` (`profile_id`, `profile_uid`, `profile_pwd`, `profile_enrollno`, `profile_name`, `profile_email`, `profile_dob`, `profile_gender`, `profile_role_id`, `profile_active`, `profile_date`) VALUES
(1, 'abbas', '', '', 'Dr. Syed Abbas', 'abbas@iitmandi.ac.in', '2010-01-01', 'M', 2, 1, '0000-00-00 00:00:00'),
(2, 'arvindj', '', '', 'Dr. Arvind Jain', 'arvindj@iitmandi.ac.in', '2010-01-01', 'M', 2, 1, '0000-00-00 00:00:00'),
(3, 'sanjeev', '', '', 'Dr. Sanjeev Manhas ', 'samanfec@iitmandi.ac.in', '2012-01-01', 'M', 2, 1, '0000-00-00 00:00:00'),
(4, 'kishan', '', '', 'Dr. Anil P Kishan', 'kishan@iitmandi.ac.in', '2012-01-01', 'M', 2, 1, '0000-00-00 00:00:00'),
(5, 'tag', '', '', 'Prof. T. A. Gonsalves', 'tag@iitmandi.ac.in', '2013-01-01', 'M', 2, 1, '0000-00-00 00:00:00'),
(6, 'ravi', '', '', 'Dr. P. C. RaviKumar', 'ravi@iitmandi.ac.in', '2014-01-01', 'M', 2, 1, '0000-00-00 00:00:00'),
(7, 'sukumar', '', '', 'Dr.SukumarBhattacharya', 'sukumar@iitmandi.ac.in', '2015-01-01', 'M', 2, 1, '0000-00-00 00:00:00'),
(8, 'suman.sigroha', '', '', 'Dr. Suman Sigroha', 'suman.sigroha@iitmandi.ac.in', '2016-01-01', 'F', 2, 1, '0000-00-00 00:00:00'),
(9, 'bs', '', '', 'Dr. Subramanian', 'bs@iitmandi.ac.in', '2017-01-01', 'M', 2, 1, '0000-00-00 00:00:00'),
(10, 'bettina', '', '', 'Dr. Bettina Knopp', 'bettina@iitmandi.ac.in', '2018-01-01', 'F', 2, 1, '0000-00-00 00:00:00'),
(11, 'genemala', '', '', 'Dr. Genemala H', 'genemala@iitmandi.ac.in', '2019-01-01', 'F', 2, 1, '0000-00-00 00:00:00'),
(12, 'traptij', '', '', 'Dr. Tripati Jain', 'traptij@iitmandi.ac.in', '2020-01-01', 'F', 2, 1, '0000-00-00 00:00:00'),
(13, 'sarita', '', '', 'Dr. Sarita Azad', 'sarita@iitmandi.ac.in', '2021-01-01', 'F', 2, 1, '0000-00-00 00:00:00'),
(14, 'rajeev', '', '', 'Dr. Rajeev Kumar', 'rajeev@iitmandi.ac.in', '2022-01-01', 'M', 2, 1, '0000-00-00 00:00:00'),
(15, 'gagan', '', '', 'Dr. Gagan Garg', 'gagan@iitmandi.ac.in', '2023-01-01', 'M', 2, 1, '0000-00-00 00:00:00'),
(16, 'arti', '', '', 'Dr. Aarti Kashyap', 'arti@iitmandi.ac.in', '2024-01-01', 'F', 2, 1, '0000-00-00 00:00:00'),
(17, 'anand', '', '', 'Dr. Anand Srivastava', 'anand@iitmandi.ac.in', '2025-01-01', 'M', 2, 1, '0000-00-00 00:00:00'),
(18, 'nitu', '', '', 'Dr. Nitu Kumari', 'nitu@iitmandi.ac.in', '2026-01-01', 'F', 2, 1, '0000-00-00 00:00:00'),
(19, 'ramna', '', '', 'Dr. RDT', 'ramna@iitmandi.ac.in', '2027-01-01', 'M', 2, 1, '0000-00-00 00:00:00'),
(20, 'shail', '', '', 'Dr. Shail Shankar', 'shail@iitmandi.ac.in', '2028-01-01', 'M', 2, 1, '0000-00-00 00:00:00'),
(21, 'ashok', '', '', 'Dr. Ashok', 'ashok@iitmandi.ac.in', '2029-01-01', 'M', 2, 1, '0000-00-00 00:00:00'),
(22, 'manu', '', '', 'Dr. ManuD', 'manu@iitmandi.ac.in', '2030-01-01', 'M', 2, 1, '0000-00-00 00:00:00'),
(23, 'bsr', '', '', 'Dr. Bharat S Rajpurohit', 'bsr@iitmandi.ac.in', '2031-01-01', 'M', 2, 1, '0000-00-00 00:00:00'),
(24, 'anil', '', '', 'Dr. Anil K Sao', 'anil@iitmandi.ac.in', '2032-01-01', 'M', 2, 1, '0000-00-00 00:00:00'),
(25, 'bnb', '', '', 'Dr. B. N. Banerjee', 'bnb@iitmandi.ac.in', '2033-01-01', 'M', 2, 1, '0000-00-00 00:00:00'),
(26, 'ankit', '', '', 'Dr. Ankit Bansal', 'ankit@iitmandi.ac.in', '2034-01-01', 'M', 2, 1, '0000-00-00 00:00:00'),
(27, 'vsc', '', '', 'Dr. Vishal S Chauhan', 'vsc@iitmandi.ac.in', '2035-01-01', 'M', 2, 1, '0000-00-00 00:00:00'),
(28, 'akansha', '', '', 'Dr. Akansha Dwivedi', 'akansha@iitmandi.ac.in', '2036-01-01', 'F', 2, 1, '0000-00-00 00:00:00'),
(29, 'subrata', '', '', 'Dr. Subrata Ghosh', 'subrata@iitmandi.ac.in', '2037-01-01', 'M', 2, 1, '0000-00-00 00:00:00'),
(30, 'manoj', '', '', 'Dr. Manoj Thakur', 'manoj@iitmandi.ac.in', '2038-01-01', 'M', 2, 1, '0000-00-00 00:00:00'),
(31, 'achakraborty', '', '', 'Dr. A. Chakraborty', 'achakraborty@iitmandi.ac.in', '2039-01-01', 'M', 2, 1, '0000-00-00 00:00:00'),
(32, 'suman', '', '', 'Dr. Suman Kalyan Pal', 'suman@iitmandi.ac.in', '2040-01-01', 'M', 2, 1, '0000-00-00 00:00:00'),
(33, 'rahul', '', '', 'Dr. Rahul Vaish', 'rahul@iitmandi.ac.in', '2041-01-01', 'M', 2, 1, '0000-00-00 00:00:00'),
(34, 'niraj', '', '', 'Dr. Niraj Sinha', 'niraj@iitmandi.ac.in', '2042-01-01', 'M', 2, 1, '0000-00-00 00:00:00'),
(35, 'barathram', '', '', 'Dr. R. Barathram', 'barathram@iitmandi.ac.in', '2043-01-01', 'M', 2, 1, '0000-00-00 00:00:00'),
(36, 'om', '', '', 'Dr. Om Prakash Singh', 'om@iitmandi.ac.in', '2044-01-01', 'M', 2, 1, '0000-00-00 00:00:00'),
(37, 'prasanth', '', '', 'Dr. Prasanth P. Jose ', 'prasanth @iitmandi.ac.in', '2044-01-01', 'M', 2, 1, '0000-00-00 00:00:00'),
(410, 'admin', '42f9721abfc165ee23912146515a1d636e6a5d73', '0', 'Administrator, IIT Mandi Feedback System', 'cfadmin@iitmandi.ac.in', '2010-01-01', 'M', 1, 1, '2012-04-20 19:18:43'),
(38, 'abhimanyu_kumar', '', 'B09001', 'ABHIMANYUKUMAR', 'abhimanyu_kumar@students.iitmandi.ac.in', '0000-00-00', '', 3, 1, '0000-00-00 00:00:00'),
(39, 'akhtar_shahi_qureshi', '', 'B09002', 'AKHTAR SHAHI QURESHI', 'akhtar_shahi_qureshi@students.iitmandi.ac.in', '0000-00-00', '', 3, 1, '0000-00-00 00:00:00'),
(40, 'aman_kumar', '', 'B09003', 'AMAN', 'aman_kumar@students.iitmandi.ac.in', '0000-00-00', '', 3, 1, '0000-00-00 00:00:00'),
(41, 'amanjot_kaur', '', 'B09004', 'AMANJOT KAUR', 'amanjot_kaur@students.iitmandi.ac.in', '0000-00-00', '', 3, 1, '0000-00-00 00:00:00'),
(42, 'amit_s', '', 'B09005', 'AMIT KUMAR SWAMI', 'amit_s@students.iitmandi.ac.in', '0000-00-00', '', 3, 1, '0000-00-00 00:00:00'),
(43, 'anurag_arora', '', 'B09006', 'ANURAG ARORA', 'anurag_arora@students.iitmandi.ac.in', '0000-00-00', '', 3, 1, '0000-00-00 00:00:00'),
(44, 'ashish_gupta', '', 'B09007', 'ASHISH GUPTA', 'ashish_gupta@students.iitmandi.ac.in', '0000-00-00', '', 3, 1, '0000-00-00 00:00:00'),
(45, 'ashish_kumar_gupta', '', 'B09008', 'ASHISH KUMAR GUPTA', 'ashish_kumar_gupta@students.iitmandi.ac.in', '0000-00-00', '', 3, 1, '0000-00-00 00:00:00'),
(46, 'devinder_yadav', '', 'B09009', 'DEVINDER YADAV', 'devinder_yadav@students.iitmandi.ac.in', '0000-00-00', '', 3, 1, '0000-00-00 00:00:00'),
(47, 'divya_d', '', 'B09010', 'DIVYA', 'divya_d@students.iitmandi.ac.in', '0000-00-00', '', 3, 1, '0000-00-00 00:00:00'),
(48, 'gavale_samrat', '', 'B09011', 'GAVALE SAMRAT BALASAHEB', 'gavale_samrat@students.iitmandi.ac.in', '0000-00-00', '', 3, 1, '0000-00-00 00:00:00'),
(49, 'harshul_jain', '', 'B09012', 'HARSHUL JAIN', 'harshul_jain@students.iitmandi.ac.in', '0000-00-00', '', 3, 1, '0000-00-00 00:00:00'),
(50, 'himani_gaugna', '', 'B09013', 'HIMANI GAUGNA', 'himani_gaugna@students.iitmandi.ac.in', '0000-00-00', '', 3, 1, '0000-00-00 00:00:00'),
(51, 'jinka_sai_sagar', '', 'B09014', 'JINKA SAI SAGAR', 'jinka_sai_sagar@students.iitmandi.ac.in', '0000-00-00', '', 3, 1, '0000-00-00 00:00:00'),
(52, 'jitesh_s', '', 'B09015', 'JITESH SHARMA', 'jitesh_s@students.iitmandi.ac.in', '0000-00-00', '', 3, 1, '0000-00-00 00:00:00'),
(53, 'k_s', '', 'B09016', 'K SAI SRINIVAS', 'k_s@students.iitmandi.ac.in', '0000-00-00', '', 3, 1, '0000-00-00 00:00:00'),
(54, 'karampudi_ramakrishna', '', 'B09017', 'KARAMPUDI RAMAKRISHNA REDDY', 'karampudi_ramakrishna@students.iitmandi.ac.in', '0000-00-00', '', 3, 1, '0000-00-00 00:00:00'),
(55, 'naresh_kumar', '', 'B09018', 'NARESH KUMAR', 'naresh_kumar@students.iitmandi.ac.in', '0000-00-00', '', 3, 1, '0000-00-00 00:00:00'),
(56, 'neeraj_kumar', '', 'B09019', 'NEERAJ KUMAR JHINGONIYA', 'neeraj_kumar@students.iitmandi.ac.in', '0000-00-00', '', 3, 1, '0000-00-00 00:00:00'),
(57, 'nikhil_kumar', '', 'B09020', 'NIKHIL KUMAR GUPTA', 'nikhil_kumar@students.iitmandi.ac.in', '0000-00-00', '', 3, 1, '0000-00-00 00:00:00'),
(58, 'p_sharma', '', 'B09022', 'PANKAJ SHARMA', 'p_sharma@students.iitmandi.ac.in', '0000-00-00', '', 3, 1, '0000-00-00 00:00:00'),
(59, 'pranav_kapoor', '', 'B09023', 'PRANAV KAPOOR', 'pranav_kapoor@students.iitmandi.ac.in', '0000-00-00', '', 3, 1, '0000-00-00 00:00:00'),
(60, 'rahul_jain', '', 'B09024', 'RAHUL JAIN', 'rahul_jain@students.iitmandi.ac.in', '0000-00-00', '', 3, 1, '0000-00-00 00:00:00'),
(61, 'raj_s', '', 'B09025', 'RAJ KAMAL SINGH', 'raj_s@students.iitmandi.ac.in', '0000-00-00', '', 3, 1, '0000-00-00 00:00:00'),
(62, 'ratala_rajeswari', '', 'B09026', 'RATALA RAJESWARI', 'ratala_rajeswari@students.iitmandi.ac.in', '0000-00-00', '', 3, 1, '0000-00-00 00:00:00'),
(63, 'shekhar_s', '', 'B09027', 'SHEKHAR', 'shekhar_s@students.iitmandi.ac.in', '0000-00-00', '', 3, 1, '0000-00-00 00:00:00'),
(64, 'soma_banik', '', 'B09028', 'SOMA BANIK', 'soma_banik@students.iitmandi.ac.in', '0000-00-00', '', 3, 1, '0000-00-00 00:00:00'),
(65, 'sravan_t', '', 'B09029', 'SRAVAN TALLURI', 'sravan_t@students.iitmandi.ac.in', '0000-00-00', '', 3, 1, '0000-00-00 00:00:00'),
(66, 'sumeet_singh', '', 'B09030', 'SUMEET SINGH ARORA', 'sumeet_singh@students.iitmandi.ac.in', '0000-00-00', '', 3, 1, '0000-00-00 00:00:00'),
(67, 'suyash_taneja', '', 'B09031', 'SUYASH TANEJA', 'suyash_taneja@students.iitmandi.ac.in', '0000-00-00', '', 3, 1, '0000-00-00 00:00:00'),
(68, 'vaibhav_agarwal', '', 'B09032', 'VAIBHAV AGARWAL', 'vaibhav_agarwal@students.iitmandi.ac.in', '0000-00-00', '', 3, 1, '0000-00-00 00:00:00'),
(69, 'yugdeep_b', '', 'B09033', 'YUGDEEP BANGAR', 'yugdeep_b@students.iitmandi.ac.in', '0000-00-00', '', 3, 1, '0000-00-00 00:00:00'),
(71, 'basava_k', '', 'B09034', 'BASAVA RAJU KANAPARTHI', 'basava_k@students.iitmandi.ac.in', '0000-00-00', '', 3, 1, '0000-00-00 00:00:00'),
(72, 'devang_moyal', '', 'B09035', 'DEVANG MOYAL', 'devang_moyal@students.iitmandi.ac.in', '0000-00-00', '', 3, 1, '0000-00-00 00:00:00'),
(73, 'nishant_goyal', '', 'B09036', 'NISHANT GOYAL', 'nishant_goyal@students.iitmandi.ac.in', '0000-00-00', '', 3, 1, '0000-00-00 00:00:00'),
(74, 'shekhar_agarwal', '', 'B09037', 'SHEKHAR AGARWAL', 'shekhar_agarwal@students.iitmandi.ac.in', '0000-00-00', '', 3, 1, '0000-00-00 00:00:00'),
(75, 'aaditya_goyal', '', 'B09051', 'AADITYA GOYAL', 'aaditya_goyal@students.iitmandi.ac.in', '0000-00-00', '', 3, 1, '0000-00-00 00:00:00'),
(76, 'akhalesh_kumar', '', 'B09052', 'AKHALESH KUMAR', 'akhalesh_kumar@students.iitmandi.ac.in', '0000-00-00', '', 3, 1, '0000-00-00 00:00:00'),
(77, 'amit_kumar', '', 'B09053', 'AMIT KUMAR', 'amit_kumar@students.iitmandi.ac.in', '0000-00-00', '', 3, 1, '0000-00-00 00:00:00'),
(78, 'anshay_agarwal', '', 'B09054', 'ANSHAY AGARWAL', 'anshay_agarwal@students.iitmandi.ac.in', '0000-00-00', '', 3, 1, '0000-00-00 00:00:00'),
(79, 'choppala_a', '', 'B09055', 'CHOPPALA VENKATA ANUDEEP', 'choppala_a@students.iitmandi.ac.in', '0000-00-00', '', 3, 1, '0000-00-00 00:00:00'),
(80, 'd_sreekanth', '', 'B09056', 'DAMA SREEKANTH', 'd_sreekanth@students.iitmandi.ac.in', '0000-00-00', '', 3, 1, '0000-00-00 00:00:00'),
(81, 'dhruv_parmar', '', 'B09057', 'DHRUV PARMAR', 'dhruv_parmar@students.iitmandi.ac.in', '0000-00-00', '', 3, 1, '0000-00-00 00:00:00'),
(82, 'geetha_sravya', '', 'B09058', 'GEETHA SRAVYA ANNAVARAPU', 'geetha_sravya@students.iitmandi.ac.in', '0000-00-00', '', 3, 1, '0000-00-00 00:00:00'),
(83, 'i_yaswanth_kumar', '', 'B09059', 'I YASWANTH KUMAR', 'i_yaswanth_kumar@students.iitmandi.ac.in', '0000-00-00', '', 3, 1, '0000-00-00 00:00:00'),
(84, 'ishansh_singh', '', 'B09060', 'ISHANSH SINGH', 'ishansh_singh@students.iitmandi.ac.in', '0000-00-00', '', 3, 1, '0000-00-00 00:00:00'),
(85, 'k_manohar', '', 'B09061', 'KANAPAKA MANOHAR', 'k_manohar@students.iitmandi.ac.in', '0000-00-00', '', 3, 1, '0000-00-00 00:00:00'),
(86, 'kanhaiya_mishra', '', 'B09062', 'KANHAIYA MISHRA', 'kanhaiya_mishra@students.iitmandi.ac.in', '0000-00-00', '', 3, 1, '0000-00-00 00:00:00'),
(87, 'kuldeep_purohit', '', 'B09063', 'KULDEEP PUROHIT', 'kuldeep_purohit@students.iitmandi.ac.in', '0000-00-00', '', 3, 1, '0000-00-00 00:00:00'),
(88, 'kumod_kumar', '', 'B09064', 'KUMOD KUMAR GUPTA', 'kumod_kumar@students.iitmandi.ac.in', '0000-00-00', '', 3, 1, '0000-00-00 00:00:00'),
(89, 'manish_jhingoniya', '', 'B09065', 'MANISH JHINGONIYA', 'manish_jhingoniya@students.iitmandi.ac.in', '0000-00-00', '', 3, 1, '0000-00-00 00:00:00'),
(90, 'mohit_kumar_malhotra', '', 'B09066', 'MOHIT KUMAR MALHOTRA', 'mohit_kumar_malhotra@students.iitmandi.ac.in', '0000-00-00', '', 3, 1, '0000-00-00 00:00:00'),
(91, 'nikhil_kandoi', '', 'B09067', 'NIKHIL KANDOI', 'nikhil_kandoi@students.iitmandi.ac.in', '0000-00-00', '', 3, 1, '0000-00-00 00:00:00'),
(92, 'nikki_kumar', '', 'B09068', 'NIKKI KUMAR', 'nikki_kumar@students.iitmandi.ac.in', '0000-00-00', '', 3, 1, '0000-00-00 00:00:00'),
(93, 'saurabh_jain', '', 'B09069', 'SAURABH JAIN', 'saurabh_jain@students.iitmandi.ac.in', '0000-00-00', '', 3, 1, '0000-00-00 00:00:00'),
(94, 'shammas_m', '', 'B09070', 'SHAMMAS MOHYADDIN', 'shammas_m@students.iitmandi.ac.in', '0000-00-00', '', 3, 1, '0000-00-00 00:00:00'),
(95, 'siddhant_malik', '', 'B09071', 'SIDDHANT MALIK', 'siddhant_malik@students.iitmandi.ac.in', '0000-00-00', '', 3, 1, '0000-00-00 00:00:00'),
(96, 'suket_mehtani', '', 'B09072', 'SUKET', 'suket_mehtani@students.iitmandi.ac.in', '0000-00-00', '', 3, 1, '0000-00-00 00:00:00'),
(97, 's_yadav', '', 'B09073', 'SUNANDA YADAV', 's_yadav@students.iitmandi.ac.in', '0000-00-00', '', 3, 1, '0000-00-00 00:00:00'),
(98, 'uday_mittal', '', 'B09074', 'UDAY MITTAL', 'uday_mittal@students.iitmandi.ac.in', '0000-00-00', '', 3, 1, '0000-00-00 00:00:00'),
(99, 'v_vignesh', '', 'B09075', 'V VIGNESH', 'v_vignesh@students.iitmandi.ac.in', '0000-00-00', '', 3, 1, '0000-00-00 00:00:00'),
(100, 'bodduna_rahul', '', 'B09076', 'BODDUNA RAHUL', 'bodduna_rahul@students.iitmandi.ac.in', '0000-00-00', '', 3, 1, '0000-00-00 00:00:00'),
(101, 'chandan_kumar', '', 'B09077', 'CHANDAN', 'chandan_kumar@students.iitmandi.ac.in', '0000-00-00', '', 3, 1, '0000-00-00 00:00:00'),
(102, 'chinmay_bhagat', '', 'B09078', 'CHINMAY DUSHYANT BHAGAT', 'chinmay_bhagat@students.iitmandi.ac.in', '0000-00-00', '', 3, 1, '0000-00-00 00:00:00'),
(103, 'k_roshni', '', 'B09079', 'KARYAMSETTI ROSHNI', 'k_roshni@students.iitmandi.ac.in', '0000-00-00', '', 3, 1, '0000-00-00 00:00:00'),
(104, 'kulkarni_akshay', '', 'B09080', 'KULKARNI AKSHAY JAYANT', 'kulkarni_akshay@students.iitmandi.ac.in', '0000-00-00', '', 3, 1, '0000-00-00 00:00:00'),
(105, 'mahesh_kumawat', '', 'B09081', 'MAHESH KUMAWAT', 'mahesh_kumawat@students.iitmandi.ac.in', '0000-00-00', '', 3, 1, '0000-00-00 00:00:00'),
(106, 'bhanu_prakash', '', 'B09082', 'BHANU PRAKASH', 'bhanu_prakash@students.iitmandi.ac.in', '0000-00-00', '', 3, 1, '0000-00-00 00:00:00'),
(107, 'puneet_saini', '', 'B09083', 'PUNEET SAINI', 'puneet_saini@students.iitmandi.ac.in', '0000-00-00', '', 3, 1, '0000-00-00 00:00:00'),
(108, 'shubham_gupta', '', 'B09084', 'SHUBHAM GUPTA', 'shubham_gupta@students.iitmandi.ac.in', '0000-00-00', '', 3, 1, '0000-00-00 00:00:00'),
(109, 'sunil_khatri', '', 'B09085', 'SUNIL', 'sunil_khatri@students.iitmandi.ac.in', '0000-00-00', '', 3, 1, '0000-00-00 00:00:00'),
(110, 'deepanshu_rastogi', '', 'B09086', 'DEEPANSHU RASTOGI', 'deepanshu_rastogi@students.iitmandi.ac.in', '0000-00-00', '', 3, 1, '0000-00-00 00:00:00'),
(111, 'saurabh_saroye', '', 'B09087', 'SAURABH SAROYE', 'saurabh_saroye@students.iitmandi.ac.in', '0000-00-00', '', 3, 1, '0000-00-00 00:00:00'),
(112, 'ankur_nahar', '', 'B09101', 'ANKUR NAHAR', 'ankur_nahar@students.iitmandi.ac.in', '0000-00-00', '', 3, 1, '0000-00-00 00:00:00'),
(113, 'ankush_singla', '', 'B09102', 'ANKUSH SINGLA', 'ankush_singla@students.iitmandi.ac.in', '0000-00-00', '', 3, 1, '0000-00-00 00:00:00'),
(114, 'anurag_jakhotia', '', 'B09103', 'ANURAG JAKHOTIA', 'anurag_jakhotia@students.iitmandi.ac.in', '0000-00-00', '', 3, 1, '0000-00-00 00:00:00'),
(115, 'chemuduru_sreeram', '', 'B09104', 'CHEMUDURU SREERAM', 'chemuduru_sreeram@students.iitmandi.ac.in', '0000-00-00', '', 3, 1, '0000-00-00 00:00:00'),
(116, 'gaurav_yadav', '', 'B09105', 'GAURAV YADAV', 'gaurav_yadav@students.iitmandi.ac.in', '0000-00-00', '', 3, 1, '0000-00-00 00:00:00'),
(117, 'guntreddi_prudhvi_raj', '', 'B09106', 'GUNTREDDI PRUDHVI RAJ', 'guntreddi_prudhvi_raj@students.iitmandi.ac.in', '0000-00-00', '', 3, 1, '0000-00-00 00:00:00'),
(118, 'm_pramodhdev', '', 'B09107', 'M PRAMODHDEV JAYANTH', 'm_pramodhdev@students.iitmandi.ac.in', '0000-00-00', '', 3, 1, '0000-00-00 00:00:00'),
(119, 'manish_shankaram', '', 'B09108', 'MANISH SHANKARAM', 'manish_shankaram@students.iitmandi.ac.in', '0000-00-00', '', 3, 1, '0000-00-00 00:00:00'),
(120, 'nikhil_chhabra', '', 'B09109', 'NIKHIL CHHABRA', 'nikhil_chhabra@students.iitmandi.ac.in', '0000-00-00', '', 3, 1, '0000-00-00 00:00:00'),
(121, 'priyank_b_patel', '', 'B09110', 'PRIYANK B PATEL', 'priyank_b_patel@students.iitmandi.ac.in', '0000-00-00', '', 3, 1, '0000-00-00 00:00:00'),
(122, 'puli_samanth', '', 'B09111', 'PULI SAMANTH KUMAR REDDY', 'puli_samanth@students.iitmandi.ac.in', '0000-00-00', '', 3, 1, '0000-00-00 00:00:00'),
(123, 'ranjan_narayan', '', 'B09112', 'RANJAN', 'ranjan_narayan@students.iitmandi.ac.in', '0000-00-00', '', 3, 1, '0000-00-00 00:00:00'),
(124, 's_vijay_rahul', '', 'B09113', 'S VIJAY RAHUL RAJ', 's_vijay_rahul@students.iitmandi.ac.in', '0000-00-00', '', 3, 1, '0000-00-00 00:00:00'),
(125, 'sachin_singhal', '', 'B09114', 'SACHIN SINGHAL', 'sachin_singhal@students.iitmandi.ac.in', '0000-00-00', '', 3, 1, '0000-00-00 00:00:00'),
(126, 'saksham_grover', '', 'B09115', 'SAKSHAM GROVER', 'saksham_grover@students.iitmandi.ac.in', '0000-00-00', '', 3, 1, '0000-00-00 00:00:00'),
(127, 'subik_kumar', '', 'B09117', 'SUBIK KUMAR', 'subik_kumar@students.iitmandi.ac.in', '0000-00-00', '', 3, 1, '0000-00-00 00:00:00'),
(128, 'sunil_chaudhary', '', 'B09118', 'SUNIL CHAUDHARY', 'sunil_chaudhary@students.iitmandi.ac.in', '0000-00-00', '', 3, 1, '0000-00-00 00:00:00'),
(129, 'thorat_vijay', '', 'B09119', 'THORAT VIJAY GANESH', 'thorat_vijay@students.iitmandi.ac.in', '0000-00-00', '', 3, 1, '0000-00-00 00:00:00'),
(130, 'vaka_praveen', '', 'B09120', 'VAKA PRAVEEN', 'vaka_praveen@students.iitmandi.ac.in', '0000-00-00', '', 3, 1, '0000-00-00 00:00:00'),
(131, 'v_teja', '', 'B09121', 'VANTEDDU TEJA', 'v_teja@students.iitmandi.ac.in', '0000-00-00', '', 3, 1, '0000-00-00 00:00:00'),
(132, 'mrinmoy_biswas', '', 'B09122', 'MRINMOY BISWAS', 'mrinmoy_biswas@students.iitmandi.ac.in', '0000-00-00', '', 3, 1, '0000-00-00 00:00:00'),
(133, 'r_shyam_sundar', '', 'B09123', 'R SHYAM SUNDAR', 'r_shyam_sundar@students.iitmandi.ac.in', '0000-00-00', '', 3, 1, '0000-00-00 00:00:00'),
(134, 'rohit_raut', '', 'B09124', 'ROHIT RAUT', 'rohit_raut@students.iitmandi.ac.in', '0000-00-00', '', 3, 1, '0000-00-00 00:00:00'),
(135, 'abhra_basak', '', 'B10001', 'ABHRA BASAK', 'abhra_basak@students.iitmandi.ac.in', '0000-00-00', '', 3, 1, '0000-00-00 00:00:00'),
(136, 'ajay_k', '', 'B10002', 'AJAY KUMAR', 'ajay_k@students.iitmandi.ac.in', '0000-00-00', '', 3, 1, '0000-00-00 00:00:00'),
(137, 'aman_agrawal', '', 'B10003', 'AMAN AGRAWAL', 'aman_agrawal@students.iitmandi.ac.in', '0000-00-00', '', 3, 1, '0000-00-00 00:00:00'),
(138, 'antra_grover', '', 'B10004', 'ANTRA', 'antra_grover@students.iitmandi.ac.in', '0000-00-00', '', 3, 1, '0000-00-00 00:00:00'),
(139, 'a_kumar', '', 'B10005', 'Apoorva Kumar', 'a_kumar@students.iitmandi.ac.in', '0000-00-00', '', 3, 1, '0000-00-00 00:00:00'),
(140, 'ashish_mahaver', '', 'B10006', 'ASHISH MAHAVER', 'ashish_mahaver@students.iitmandi.ac.in', '0000-00-00', '', 3, 1, '0000-00-00 00:00:00'),
(141, 'ashish_singh', '', 'B10007', 'ASHISH SINGH', 'ashish_singh@students.iitmandi.ac.in', '0000-00-00', '', 3, 1, '0000-00-00 00:00:00'),
(142, 'ashwini_kumar_dautaniya', '', 'B10008', 'ASHWINI KUMAR DAUTANIYA', 'ashwini_kumar_dautaniya@students.iitmandi.ac.in', '0000-00-00', '', 3, 1, '0000-00-00 00:00:00'),
(143, 'badavath_sampath_kumar', '', 'B10009', 'BADAVATH SAMPATH KUMAR', 'badavath_sampath_kumar@students.iitmandi.ac.in', '0000-00-00', '', 3, 1, '0000-00-00 00:00:00'),
(144, 'boga_saikiran', '', 'B10010', 'BOGA SAIKIRAN', 'boga_saikiran@students.iitmandi.ac.in', '0000-00-00', '', 3, 1, '0000-00-00 00:00:00'),
(145, 'divya_goyal', '', 'B10011', 'DIVYA GOYAL', 'divya_goyal@students.iitmandi.ac.in', '0000-00-00', '', 3, 1, '0000-00-00 00:00:00'),
(146, 'gaurav_chaudhary', '', 'B10012', 'GAURAV CHAUDHARY', 'gaurav_chaudhary@students.iitmandi.ac.in', '0000-00-00', '', 3, 1, '0000-00-00 00:00:00'),
(147, 'amit_gore', '', 'B10013', 'AMIT GORE', 'amit_gore@students.iitmandi.ac.in', '0000-00-00', '', 3, 1, '0000-00-00 00:00:00'),
(148, 'himanshu_dewan', '', 'B10014', 'HIMANSHU DEWAN', 'himanshu_dewan@students.iitmandi.ac.in', '0000-00-00', '', 3, 1, '0000-00-00 00:00:00'),
(149, 'aakash_s_hingu', '', 'B10015', 'AAKASH S HINGU', 'aakash_s_hingu@students.iitmandi.ac.in', '0000-00-00', '', 3, 1, '0000-00-00 00:00:00'),
(150, 'jai_prakash', '', 'B10016', 'JAI PRAKASH', 'jai_prakash@students.iitmandi.ac.in', '0000-00-00', '', 3, 1, '0000-00-00 00:00:00'),
(151, 'jitendra_prasad', '', 'B10017', 'JITENDRA PRASAD KEER', 'jitendra_prasad@students.iitmandi.ac.in', '0000-00-00', '', 3, 1, '0000-00-00 00:00:00'),
(152, 'k_saithe_josh', '', 'B10018', 'K SAITHE JOSH', 'k_saithe_josh@students.iitmandi.ac.in', '0000-00-00', '', 3, 1, '0000-00-00 00:00:00'),
(153, 'khushali_modi', '', 'B10019', 'KHUSHALI MODI', 'khushali_modi@students.iitmandi.ac.in', '0000-00-00', '', 3, 1, '0000-00-00 00:00:00'),
(154, 'lonkar_nikhil', '', 'B10020', 'LONKAR NIKHIL NANDKUMAR', 'lonkar_nikhil@students.iitmandi.ac.in', '0000-00-00', '', 3, 1, '0000-00-00 00:00:00'),
(155, 'mahesh_yadav', '', 'B10021', 'MAHESH YADAV', 'mahesh_yadav@students.iitmandi.ac.in', '0000-00-00', '', 3, 1, '0000-00-00 00:00:00'),
(156, 'manav_agarwal', '', 'B10022', 'MANAV AGARWAL', 'manav_agarwal@students.iitmandi.ac.in', '0000-00-00', '', 3, 1, '0000-00-00 00:00:00'),
(157, 'nandini_kapoor_kapoor', '', 'B10023', 'NANDINI KAPOOR', 'nandini_kapoor_kapoor@students.iitmandi.ac.in', '0000-00-00', '', 3, 1, '0000-00-00 00:00:00'),
(158, 'n_kumar', '', 'B10024', 'NEERAJ KUMAR', 'n_kumar@students.iitmandi.ac.in', '0000-00-00', '', 3, 1, '0000-00-00 00:00:00'),
(159, 'p_vihari', '', 'B10025', 'PIRATLA VIHARI', 'p_vihari@students.iitmandi.ac.in', '0000-00-00', '', 3, 1, '0000-00-00 00:00:00'),
(160, 'prashant_kumar', '', 'B10026', 'PRASHANT KUMAR SINGH', 'prashant_kumar@students.iitmandi.ac.in', '0000-00-00', '', 3, 1, '0000-00-00 00:00:00'),
(161, 'raheja_vishal', '', 'B10027', 'RAHEJA VISHAL JAGDISH', 'raheja_vishal@students.iitmandi.ac.in', '0000-00-00', '', 3, 1, '0000-00-00 00:00:00'),
(162, 'sadique_rasool', '', 'B10028', 'SADIQUE RASOOL', 'sadique_rasool@students.iitmandi.ac.in', '0000-00-00', '', 3, 1, '0000-00-00 00:00:00'),
(163, 'sanchit_khattry', '', 'B10029', 'SANCHIT KHATTRY', 'sanchit_khattry@students.iitmandi.ac.in', '0000-00-00', '', 3, 1, '0000-00-00 00:00:00'),
(164, 'shiv_sankar', '', 'B10030', 'SHIV SANKAR BAISHYA', 'shiv_sankar@students.iitmandi.ac.in', '0000-00-00', '', 3, 1, '0000-00-00 00:00:00'),
(165, 's_agarwal', '', 'B10031', 'SHIVANSH AGARWAL', 's_agarwal@students.iitmandi.ac.in', '0000-00-00', '', 3, 1, '0000-00-00 00:00:00'),
(166, 'shoubhik_debnath', '', 'B10032', 'SHOUBHIK DEBNATH', 'shoubhik_debnath@students.iitmandi.ac.in', '0000-00-00', '', 3, 1, '0000-00-00 00:00:00'),
(167, 'sirikonda_sai', '', 'B10033', 'SIRIKONDA SAI TEJA', 'sirikonda_sai@students.iitmandi.ac.in', '0000-00-00', '', 3, 1, '0000-00-00 00:00:00'),
(168, 'sudhanshu_gaur', '', 'B10034', 'SUDHANSHU GAUR', 'sudhanshu_gaur@students.iitmandi.ac.in', '0000-00-00', '', 3, 1, '0000-00-00 00:00:00'),
(169, 'sukrit_aggarwal', '', 'B10035', 'SUKRIT AGGARWAL', 'sukrit_aggarwal@students.iitmandi.ac.in', '0000-00-00', '', 3, 1, '0000-00-00 00:00:00'),
(170, 'suman_s', '', 'B10036', 'SUMAN SOURAV SUNDERROY', 'suman_s@students.iitmandi.ac.in', '0000-00-00', '', 3, 1, '0000-00-00 00:00:00'),
(171, 'tushar_dublish', '', 'B10037', 'TUSHAR DUBLISH', 'tushar_dublish@students.iitmandi.ac.in', '0000-00-00', '', 3, 1, '0000-00-00 00:00:00'),
(172, 'vivek_vishwakarma', '', 'B10038', 'VIVEK VISHWAKARMA', 'vivek_vishwakarma@students.iitmandi.ac.in', '0000-00-00', '', 3, 1, '0000-00-00 00:00:00'),
(173, 'yogesh_kumar', '', 'B10039', 'YOGESH KUMAR MEENA', 'yogesh_kumar@students.iitmandi.ac.in', '0000-00-00', '', 3, 1, '0000-00-00 00:00:00'),
(174, 'achal_t', '', 'B10040', 'ACHAL THAKUR', 'achal_t@students.iitmandi.ac.in', '0000-00-00', '', 3, 1, '0000-00-00 00:00:00'),
(175, 'saveena_rajput', '', 'B10041', 'SAVEENA RAJPUT', 'saveena_rajput@students.iitmandi.ac.in', '0000-00-00', '', 3, 1, '0000-00-00 00:00:00'),
(176, 'ankur_bhatt', '', 'B10042', 'ANKUR BHATT', 'ankur_bhatt@students.iitmandi.ac.in', '0000-00-00', '', 3, 1, '0000-00-00 00:00:00'),
(177, 'abhijeet_kumar_meena', '', 'B10051', 'ABHIJEET KUMAR MEENA', 'abhijeet_kumar_meena@students.iitmandi.ac.in', '0000-00-00', '', 3, 1, '0000-00-00 00:00:00'),
(178, 'akash_trivedi', '', 'B10052', 'AKASH TRIVEDI', 'akash_trivedi@students.iitmandi.ac.in', '0000-00-00', '', 3, 1, '0000-00-00 00:00:00'),
(179, 'anand_dhandhania', '', 'B10053', 'ANAND DHANDHANIA', 'anand_dhandhania@students.iitmandi.ac.in', '0000-00-00', '', 3, 1, '0000-00-00 00:00:00'),
(180, 'ankur_dixit', '', 'B10054', 'ANKUR DIXIT', 'ankur_dixit@students.iitmandi.ac.in', '0000-00-00', '', 3, 1, '0000-00-00 00:00:00'),
(181, 'athar_aamir', '', 'B10055', 'ATHAR AAMIR UL SHAFI KHAN', 'athar_aamir@students.iitmandi.ac.in', '0000-00-00', '', 3, 1, '0000-00-00 00:00:00'),
(182, 'bharat_b', '', 'B10056', 'BHARAT', 'bharat_b@students.iitmandi.ac.in', '0000-00-00', '', 3, 1, '0000-00-00 00:00:00'),
(183, 'dhirendra_kumar_singh', '', 'B10057', 'DHIRENDRA KUMAR SINGH', 'dhirendra_kumar_singh@students.iitmandi.ac.in', '0000-00-00', '', 3, 1, '0000-00-00 00:00:00'),
(184, 'jitesh_meghwal', '', 'B10059', 'JITESH MEGHWAL', 'jitesh_meghwal@students.iitmandi.ac.in', '0000-00-00', '', 3, 1, '0000-00-00 00:00:00'),
(185, 'krishna_karnani', '', 'B10060', 'KRISHNA KARNANI', 'krishna_karnani@students.iitmandi.ac.in', '0000-00-00', '', 3, 1, '0000-00-00 00:00:00'),
(186, 'lalit_kumar', '', 'B10061', 'LALIT KUMAR', 'lalit_kumar@students.iitmandi.ac.in', '0000-00-00', '', 3, 1, '0000-00-00 00:00:00'),
(187, 'manoj_kumar_meena', '', 'B10062', 'MANOJ KUMAR MEENA', 'manoj_kumar_meena@students.iitmandi.ac.in', '0000-00-00', '', 3, 1, '0000-00-00 00:00:00'),
(188, 'mohit_goyal', '', 'B10063', 'MOHIT GOYAL', 'mohit_goyal@students.iitmandi.ac.in', '0000-00-00', '', 3, 1, '0000-00-00 00:00:00'),
(189, 'mohit_yadav', '', 'B10064', 'MOHIT YADAV', 'mohit_yadav@students.iitmandi.ac.in', '0000-00-00', '', 3, 1, '0000-00-00 00:00:00'),
(190, 'nalam_venkata_abhishek', '', 'B10065', 'NALAM VENKATA ABHISHEK', 'nalam_venkata_abhishek@students.iitmandi.ac.in', '0000-00-00', '', 3, 1, '0000-00-00 00:00:00'),
(191, 'narender_kumar', '', 'B10066', 'NARENDER KUMAR MEENA', 'narender_kumar@students.iitmandi.ac.in', '0000-00-00', '', 3, 1, '0000-00-00 00:00:00'),
(192, 'narendra_prajapat', '', 'B10067', 'NARENDRA PRAJAPAT', 'narendra_prajapat@students.iitmandi.ac.in', '0000-00-00', '', 3, 1, '0000-00-00 00:00:00'),
(193, 'paliya_aditya', '', 'B10068', 'PALIYA ADITYA VEDPRAKASH', 'paliya_aditya@students.iitmandi.ac.in', '0000-00-00', '', 3, 1, '0000-00-00 00:00:00'),
(194, 'rahul_kumar', '', 'B10069', 'RAHUL KUMAR GAUTAM', 'rahul_kumar@students.iitmandi.ac.in', '0000-00-00', '', 3, 1, '0000-00-00 00:00:00'),
(195, 'ram_g', '', 'B10070', 'RAM GARG', 'ram_g@students.iitmandi.ac.in', '0000-00-00', '', 3, 1, '0000-00-00 00:00:00'),
(196, 'rohit_goyal', '', 'B10071', 'Rohit Goyal', 'rohit_goyal@students.iitmandi.ac.in', '0000-00-00', '', 3, 1, '0000-00-00 00:00:00'),
(197, 'rohit_sangral', '', 'B10072', 'Rohit Sangral', 'rohit_sangral@students.iitmandi.ac.in', '0000-00-00', '', 3, 1, '0000-00-00 00:00:00'),
(198, 's_bhuvaneswari', '', 'B10073', 'S BHUVANESWARI', 's_bhuvaneswari@students.iitmandi.ac.in', '0000-00-00', '', 3, 1, '0000-00-00 00:00:00'),
(199, 'sachin_kumar_saini', '', 'B10074', 'SACHIN KUMAR', 'sachin_kumar_saini@students.iitmandi.ac.in', '0000-00-00', '', 3, 1, '0000-00-00 00:00:00'),
(200, 'sachin_sharma', '', 'B10075', 'SACHIN SHARMA', 'sachin_sharma@students.iitmandi.ac.in', '0000-00-00', '', 3, 1, '0000-00-00 00:00:00'),
(201, 'saumya_singh', '', 'B10076', 'SAUMYA SINGH', 'saumya_singh@students.iitmandi.ac.in', '0000-00-00', '', 3, 1, '0000-00-00 00:00:00'),
(202, 'shashank_mathur', '', 'B10077', 'SHASHANK MATHUR', 'shashank_mathur@students.iitmandi.ac.in', '0000-00-00', '', 3, 1, '0000-00-00 00:00:00'),
(203, 'siddhant_mohan', '', 'B10078', 'SIDDHANT MOHAN', 'siddhant_mohan@students.iitmandi.ac.in', '0000-00-00', '', 3, 1, '0000-00-00 00:00:00'),
(204, 'yadav_sunil', '', 'B10079', 'SUNIL YADAV', 'yadav_sunil@students.iitmandi.ac.in', '0000-00-00', '', 3, 1, '0000-00-00 00:00:00'),
(205, 'suraj_b', '', 'B10080', 'SUJAJ B', 'suraj_b@students.iitmandi.ac.in', '0000-00-00', '', 3, 1, '0000-00-00 00:00:00'),
(206, 'vana_devi_praharsha', '', 'B10081', 'VANA DEVI PRAHARSHA', 'vana_devi_praharsha@students.iitmandi.ac.in', '0000-00-00', '', 3, 1, '0000-00-00 00:00:00'),
(207, 'vikas_yadav', '', 'B10082', 'VIKAS YADAV', 'vikas_yadav@students.iitmandi.ac.in', '0000-00-00', '', 3, 1, '0000-00-00 00:00:00'),
(208, 'vivek_kumar', '', 'B10083', 'VIVEK KUMAR', 'vivek_kumar@students.iitmandi.ac.in', '0000-00-00', '', 3, 1, '0000-00-00 00:00:00'),
(209, 'vivek_singh_chandel', '', 'B10084', 'VIVEK SINGH CHANDEL', 'vivek_singh_chandel@students.iitmandi.ac.in', '0000-00-00', '', 3, 1, '0000-00-00 00:00:00'),
(210, 'devendra_kumar', '', 'B10085', 'Devendra Kumar Meena', 'devendra_kumar@students.iitmandi.ac.in', '0000-00-00', '', 3, 1, '0000-00-00 00:00:00'),
(211, 'hariom_m', '', 'B10086', 'HARIOM MEENA', 'hariom_m@students.iitmandi.ac.in', '0000-00-00', '', 3, 1, '0000-00-00 00:00:00'),
(212, 'abhishek_verma', '', 'B10101', 'ABHISHEK VERMA', 'abhishek_verma@students.iitmandi.ac.in', '0000-00-00', '', 3, 1, '0000-00-00 00:00:00'),
(213, 'adhish_bhandari', '', 'B10102', 'ADHISH BHANDARI', 'adhish_bhandari@students.iitmandi.ac.in', '0000-00-00', '', 3, 1, '0000-00-00 00:00:00'),
(214, 'akash_patel', '', 'B10103', 'AKASH PATEL', 'akash_patel@students.iitmandi.ac.in', '0000-00-00', '', 3, 1, '0000-00-00 00:00:00'),
(215, 'akash_pathak', '', 'B10104', 'AKASH PATHAK', 'akash_pathak@students.iitmandi.ac.in', '0000-00-00', '', 3, 1, '0000-00-00 00:00:00'),
(216, 'aneesh_monga', '', 'B10105', 'ANEESH MONGA', 'aneesh_monga@students.iitmandi.ac.in', '0000-00-00', '', 3, 1, '0000-00-00 00:00:00'),
(217, 'anupam_k', '', 'B10106', 'ANUPAM', 'anupam_k@students.iitmandi.ac.in', '0000-00-00', '', 3, 1, '0000-00-00 00:00:00'),
(218, 'damini_singal', '', 'B10107', 'DAMINI SINGAL', 'damini_singal@students.iitmandi.ac.in', '0000-00-00', '', 3, 1, '0000-00-00 00:00:00'),
(219, 'd_chaudhary', '', 'B10108', 'DEEPAK CHAUDHARY', 'd_chaudhary@students.iitmandi.ac.in', '0000-00-00', '', 3, 1, '0000-00-00 00:00:00'),
(220, 'deepak_sharma', '', 'B10109', 'DEEPAK SHARMA', 'deepak_sharma@students.iitmandi.ac.in', '0000-00-00', '', 3, 1, '0000-00-00 00:00:00'),
(221, 'eshaan_aggarwal', '', 'B10110', 'ESHAAN AGGARWAL', 'eshaan_aggarwal@students.iitmandi.ac.in', '0000-00-00', '', 3, 1, '0000-00-00 00:00:00'),
(222, 'gurbir_singh', '', 'B10112', 'GURBIR SINGH', 'gurbir_singh@students.iitmandi.ac.in', '0000-00-00', '', 3, 1, '0000-00-00 00:00:00'),
(223, 'himanshu_khandelwal', '', 'B10113', 'HIMANSHU KHANDELWAL', 'himanshu_khandelwal@students.iitmandi.ac.in', '0000-00-00', '', 3, 1, '0000-00-00 00:00:00'),
(224, 'hrushikesh_sikur_singh', '', 'B10114', 'HRUSHIKESH SIKUR SINGH ALDA', 'hrushikesh_sikur_singh@students.iitmandi.ac.in', '0000-00-00', '', 3, 1, '0000-00-00 00:00:00'),
(225, 'jayesh_g', '', 'B10115', 'JAYESH CHANDRA GUPTA', 'jayesh_g@students.iitmandi.ac.in', '0000-00-00', '', 3, 1, '0000-00-00 00:00:00'),
(226, 'kanv_garg', '', 'B10116', 'KANV GARG', 'kanv_garg@students.iitmandi.ac.in', '0000-00-00', '', 3, 1, '0000-00-00 00:00:00'),
(227, 'k_bansal', '', 'B10117', 'KSHITIJ BANSAL', 'k_bansal@students.iitmandi.ac.in', '0000-00-00', '', 3, 1, '0000-00-00 00:00:00'),
(228, 'kumar_shanu_meena', '', 'B10118', 'KUMAR SHANU MEENA', 'kumar_shanu_meena@students.iitmandi.ac.in', '0000-00-00', '', 3, 1, '0000-00-00 00:00:00'),
(229, 'kunal_k', '', 'B10119', 'KUNAL KISHORE', 'kunal_k@students.iitmandi.ac.in', '0000-00-00', '', 3, 1, '0000-00-00 00:00:00'),
(230, 'kunal_t', '', 'B10120', 'KUNAL VIJAY THAKKAR', 'kunal_t@students.iitmandi.ac.in', '0000-00-00', '', 3, 1, '0000-00-00 00:00:00'),
(231, 'lalin_t_divan', '', 'B10121', 'LALIN T DIVAN', 'lalin_t_divan@students.iitmandi.ac.in', '0000-00-00', '', 3, 1, '0000-00-00 00:00:00'),
(232, 'm_abhilash', '', 'B10122', 'MONDRATHI ABHILASH', 'm_abhilash@students.iitmandi.ac.in', '0000-00-00', '', 3, 1, '0000-00-00 00:00:00'),
(233, 'pranjal_jain', '', 'B10123', 'PRANJAL JAIN', 'pranjal_jain@students.iitmandi.ac.in', '0000-00-00', '', 3, 1, '0000-00-00 00:00:00'),
(234, 'prithish_seth', '', 'B10124', 'PRITHISH SETH', 'prithish_seth@students.iitmandi.ac.in', '0000-00-00', '', 3, 1, '0000-00-00 00:00:00'),
(235, 'rahul_chandel', '', 'B10125', 'RAHUL CHANDEL', 'rahul_chandel@students.iitmandi.ac.in', '0000-00-00', '', 3, 1, '0000-00-00 00:00:00'),
(236, 'rohtaz_singh', '', 'B10126', 'ROHTAZ SINGH', 'rohtaz_singh@students.iitmandi.ac.in', '0000-00-00', '', 3, 1, '0000-00-00 00:00:00'),
(237, 'sachin_roongta', '', 'B10127', 'SACHIN ROONGTA', 'sachin_roongta@students.iitmandi.ac.in', '0000-00-00', '', 3, 1, '0000-00-00 00:00:00'),
(238, 'sahil_kapila', '', 'B10128', 'SAHIL KAPILA', 'sahil_kapila@students.iitmandi.ac.in', '0000-00-00', '', 3, 1, '0000-00-00 00:00:00'),
(239, 'salil_jain', '', 'B10129', 'SALIL JAIN', 'salil_jain@students.iitmandi.ac.in', '0000-00-00', '', 3, 1, '0000-00-00 00:00:00'),
(240, 'santosh_kumar', '', 'B10130', 'SANTOSH KUMAR MEENA', 'santosh_kumar@students.iitmandi.ac.in', '0000-00-00', '', 3, 1, '0000-00-00 00:00:00'),
(241, 'savla_diler', '', 'B10131', 'SAVLA DILER TARAN', 'savla_diler@students.iitmandi.ac.in', '0000-00-00', '', 3, 1, '0000-00-00 00:00:00'),
(242, 'moiz_ahmed', '', 'B10132', 'SHAIK MOIZ AHMED', 'moiz_ahmed@students.iitmandi.ac.in', '0000-00-00', '', 3, 1, '0000-00-00 00:00:00'),
(243, 'shashwat_sharma', '', 'B10133', 'SHASHWAT SHARMA', 'shashwat_sharma@students.iitmandi.ac.in', '0000-00-00', '', 3, 1, '0000-00-00 00:00:00'),
(244, 'shivanshu_singh', '', 'B10134', 'SHIVANSHU SINGH', 'shivanshu_singh@students.iitmandi.ac.in', '0000-00-00', '', 3, 1, '0000-00-00 00:00:00'),
(245, 'sreevalsan_p', '', 'B10135', 'SREEVALSAN P', 'sreevalsan_p@students.iitmandi.ac.in', '0000-00-00', '', 3, 1, '0000-00-00 00:00:00'),
(246, 'sumit_kant', '', 'B10136', 'Sumit Kant', 'sumit_kant@students.iitmandi.ac.in', '0000-00-00', '', 3, 1, '0000-00-00 00:00:00'),
(247, 'surendra_khoja', '', 'B10137', 'SURENDRA KHOJA', 'surendra_khoja@students.iitmandi.ac.in', '0000-00-00', '', 3, 1, '0000-00-00 00:00:00'),
(248, 'vipul_gautam', '', 'B10138', 'VIPUL GAUTAM', 'vipul_gautam@students.iitmandi.ac.in', '0000-00-00', '', 3, 1, '0000-00-00 00:00:00'),
(249, 'asheesh_m', '', 'B10139', 'ASHEESH KUMAR MEENA', 'asheesh_m@students.iitmandi.ac.in', '0000-00-00', '', 3, 1, '0000-00-00 00:00:00'),
(250, 'abhilash_kumar', '', 'B11001', 'ABHILASH', 'abhilash_kumar@students.iitmandi.ac.in', '0000-00-00', '', 3, 1, '0000-00-00 00:00:00'),
(251, 'abhinava_mishra', '', 'B11002', 'ABHINAVA MISHRA', 'abhinava_mishra@students.iitmandi.ac.in', '0000-00-00', '', 3, 1, '0000-00-00 00:00:00'),
(252, 'anil_kumar', '', 'B11003', 'ANIL KUMAR JHAJHARIA', 'anil_kumar@students.iitmandi.ac.in', '0000-00-00', '', 3, 1, '0000-00-00 00:00:00'),
(253, 'anjaly_mehla', '', 'B11004', 'ANJALY MEHLA', 'anjaly_mehla@students.iitmandi.ac.in', '0000-00-00', '', 3, 1, '0000-00-00 00:00:00'),
(254, 'antim_patel', '', 'B11005', 'ANTIM PATEL', 'antim_patel@students.iitmandi.ac.in', '0000-00-00', '', 3, 1, '0000-00-00 00:00:00'),
(255, 'aounon_kumar', '', 'B11006', 'AOUNON KUMAR', 'aounon_kumar@students.iitmandi.ac.in', '0000-00-00', '', 3, 1, '0000-00-00 00:00:00'),
(256, 'arjun_bhardwaj', '', 'B11007', 'ARJUN BHARDWAJ', 'arjun_bhardwaj@students.iitmandi.ac.in', '0000-00-00', '', 3, 1, '0000-00-00 00:00:00'),
(257, 'avinash_kumar', '', 'B11008', 'AVINASH KUMAR CHAUDHARY', 'avinash_kumar@students.iitmandi.ac.in', '0000-00-00', '', 3, 1, '0000-00-00 00:00:00'),
(258, 'bhagwan_sahay_meena', '', 'B11009', 'BHAGWAN SAHAY MEENA', 'bhagwan_sahay_meena@students.iitmandi.ac.in', '0000-00-00', '', 3, 1, '0000-00-00 00:00:00'),
(259, 'bhupesh_kumar_singh', '', 'B11010', 'BHUPESH KUMAR', 'bhupesh_kumar_singh@students.iitmandi.ac.in', '0000-00-00', '', 3, 1, '0000-00-00 00:00:00'),
(260, 'chandan_satyarthi', '', 'B11011', 'CHANDAN SATYARTHI', 'chandan_satyarthi@students.iitmandi.ac.in', '0000-00-00', '', 3, 1, '0000-00-00 00:00:00'),
(261, 'darpan_solanki', '', 'B11012', 'DARPAN SOLANKI', 'darpan_solanki@students.iitmandi.ac.in', '0000-00-00', '', 3, 1, '0000-00-00 00:00:00'),
(262, 'fatehjeet_s', '', 'B11013', 'FATEHJEET SINGH SRA', 'fatehjeet_s@students.iitmandi.ac.in', '0000-00-00', '', 3, 1, '0000-00-00 00:00:00'),
(263, 'j_jangid', '', 'B11014', 'JAYPRAKASH JANGID', 'j_jangid@students.iitmandi.ac.in', '0000-00-00', '', 3, 1, '0000-00-00 00:00:00'),
(264, 'kallem_rajashekar_reddy', '', 'B11015', 'KALLEM RAJASHEKAR REDDY', 'kallem_rajashekar_reddy@students.iitmandi.ac.in', '0000-00-00', '', 3, 1, '0000-00-00 00:00:00'),
(265, 'khushpreet_singh', '', 'B11016', 'KHUSHPREET SINGH', 'khushpreet_singh@students.iitmandi.ac.in', '0000-00-00', '', 3, 1, '0000-00-00 00:00:00'),
(266, 'korra_vishnu_priyanka', '', 'B11017', 'KORRA VISHNU PRIYANKA', 'korra_vishnu_priyanka@students.iitmandi.ac.in', '0000-00-00', '', 3, 1, '0000-00-00 00:00:00'),
(267, 'k_vikhyat', '', 'B11018', 'KORRAPATI VIKHYAT', 'k_vikhyat@students.iitmandi.ac.in', '0000-00-00', '', 3, 1, '0000-00-00 00:00:00'),
(268, 'kshitiz_saraswat', '', 'B11019', 'KSHITIZ SARASWAT', 'kshitiz_saraswat@students.iitmandi.ac.in', '0000-00-00', '', 3, 1, '0000-00-00 00:00:00'),
(269, 'nidhi_makhijani', '', 'B11020', 'MAKHIJANI NIDHI MANOJ', 'nidhi_makhijani@students.iitmandi.ac.in', '0000-00-00', '', 3, 1, '0000-00-00 00:00:00'),
(270, 'md_afsar_reza', '', 'B11021', 'MD AFSAR REZA', 'md_afsar_reza@students.iitmandi.ac.in', '0000-00-00', '', 3, 1, '0000-00-00 00:00:00'),
(271, 'm_kumar', '', 'B11022', 'MOHIT KUMAR', 'm_kumar@students.iitmandi.ac.in', '0000-00-00', '', 3, 1, '0000-00-00 00:00:00'),
(272, 'mohit_rawat', '', 'B11023', 'MOHIT RAWAT', 'mohit_rawat@students.iitmandi.ac.in', '0000-00-00', '', 3, 1, '0000-00-00 00:00:00'),
(273, 'pankaj_kumar', '', 'B11025', 'PANKAJ KUMAR VERMA', 'pankaj_kumar@students.iitmandi.ac.in', '0000-00-00', '', 3, 1, '0000-00-00 00:00:00'),
(274, 'rishabh_sahu', '', 'B11026', 'RISHABH SAHU', 'rishabh_sahu@students.iitmandi.ac.in', '0000-00-00', '', 3, 1, '0000-00-00 00:00:00'),
(275, 'ritish_r', '', 'B11027', 'RITISH', 'ritish_r@students.iitmandi.ac.in', '0000-00-00', '', 3, 1, '0000-00-00 00:00:00'),
(276, 'rohit_shukla', '', 'B11028', 'ROHIT SHUKLA', 'rohit_shukla@students.iitmandi.ac.in', '0000-00-00', '', 3, 1, '0000-00-00 00:00:00'),
(277, 'sachin_s_b', '', 'B11029', 'SACHIN S BHAT', 'sachin_s_b@students.iitmandi.ac.in', '0000-00-00', '', 3, 1, '0000-00-00 00:00:00'),
(278, 'sachin_tyagi', '', 'B11030', 'SACHIN TYAGI', 'sachin_tyagi@students.iitmandi.ac.in', '0000-00-00', '', 3, 1, '0000-00-00 00:00:00'),
(279, 'sahil_mutneja', '', 'B11031', 'SAHIL MUTNEJA', 'sahil_mutneja@students.iitmandi.ac.in', '0000-00-00', '', 3, 1, '0000-00-00 00:00:00'),
(280, 's_panwar', '', 'B11032', 'SAKET PANWAR', 's_panwar@students.iitmandi.ac.in', '0000-00-00', '', 3, 1, '0000-00-00 00:00:00'),
(281, 's_jain', '', 'B11033', 'SAURABH JAIN', 's_jain@students.iitmandi.ac.in', '0000-00-00', '', 3, 1, '0000-00-00 00:00:00'),
(282, 's_damani', '', 'B11034', 'SHREEVARDHAN DAMANI', 's_damani@students.iitmandi.ac.in', '0000-00-00', '', 3, 1, '0000-00-00 00:00:00'),
(283, 'shubham_ajmera', '', 'B11035', 'SHUBHAM AJMERA', 'shubham_ajmera@students.iitmandi.ac.in', '0000-00-00', '', 3, 1, '0000-00-00 00:00:00'),
(284, 'surendra_anuragi', '', 'B11036', 'SURENDRA ANURAGI', 'surendra_anuragi@students.iitmandi.ac.in', '0000-00-00', '', 3, 1, '0000-00-00 00:00:00'),
(285, 'u_shivateja', '', 'B11037', 'U SHIVATEJA REDDY', 'u_shivateja@students.iitmandi.ac.in', '0000-00-00', '', 3, 1, '0000-00-00 00:00:00'),
(286, 'vaishali_sain', '', 'B11038', 'VAISHALI', 'vaishali_sain@students.iitmandi.ac.in', '0000-00-00', '', 3, 1, '0000-00-00 00:00:00'),
(287, 'vinod_kumar', '', 'B11039', 'VINOD KUMAR', 'vinod_kumar@students.iitmandi.ac.in', '0000-00-00', '', 3, 1, '0000-00-00 00:00:00'),
(288, 'abhinav_singh', '', 'B11051', 'ABHINAV SINGH', 'abhinav_singh@students.iitmandi.ac.in', '0000-00-00', '', 3, 1, '0000-00-00 00:00:00'),
(289, 'akshay_sharma', '', 'B11052', 'AKSHAY SHARMA', 'akshay_sharma@students.iitmandi.ac.in', '0000-00-00', '', 3, 1, '0000-00-00 00:00:00'),
(290, 'ankit_verma', '', 'B11053', 'ANKIT VERMA', 'ankit_verma@students.iitmandi.ac.in', '0000-00-00', '', 3, 1, '0000-00-00 00:00:00'),
(291, 'apoorva_bhatia', '', 'B11054', 'APOORVA BHATIA', 'apoorva_bhatia@students.iitmandi.ac.in', '0000-00-00', '', 3, 1, '0000-00-00 00:00:00'),
(292, 'azmi_omair', '', 'B11055', 'AZMI OMAIR EHSAN', 'azmi_omair@students.iitmandi.ac.in', '0000-00-00', '', 3, 1, '0000-00-00 00:00:00'),
(293, 'dushyant_singh', '', 'B11057', 'DUSHYANT SINGH', 'dushyant_singh@students.iitmandi.ac.in', '0000-00-00', '', 3, 1, '0000-00-00 00:00:00'),
(294, 'eare_neena', '', 'B11058', 'EARE NEENA', 'eare_neena@students.iitmandi.ac.in', '0000-00-00', '', 3, 1, '0000-00-00 00:00:00'),
(295, 'gulshan_pancholi', '', 'B11059', 'GULSHAN PANCHOLI', 'gulshan_pancholi@students.iitmandi.ac.in', '0000-00-00', '', 3, 1, '0000-00-00 00:00:00'),
(296, 'harkaran_singh', '', 'B11060', 'HARKARAN SINGH', 'harkaran_singh@students.iitmandi.ac.in', '0000-00-00', '', 3, 1, '0000-00-00 00:00:00'),
(297, 'hemant_chawla', '', 'B11061', 'HEMANT CHAWLA', 'hemant_chawla@students.iitmandi.ac.in', '0000-00-00', '', 3, 1, '0000-00-00 00:00:00'),
(298, 'jagmohan_singh', '', 'B11062', 'JAGMOHAN SINGH', 'jagmohan_singh@students.iitmandi.ac.in', '0000-00-00', '', 3, 1, '0000-00-00 00:00:00'),
(299, 'jyoti_lakra', '', 'B11063', 'JYOTI LAKRA', 'jyoti_lakra@students.iitmandi.ac.in', '0000-00-00', '', 3, 1, '0000-00-00 00:00:00'),
(300, 'kamal_kumar_raj', '', 'B11064', 'KAMAL KUMAR RAJ', 'kamal_kumar_raj@students.iitmandi.ac.in', '0000-00-00', '', 3, 1, '0000-00-00 00:00:00'),
(301, 'kapil_kumar_dhaker', '', 'B11065', 'KAPIL KUMAR DHAKER', 'kapil_kumar_dhaker@students.iitmandi.ac.in', '0000-00-00', '', 3, 1, '0000-00-00 00:00:00'),
(302, 'manish_ladla', '', 'B11066', 'MANISH LADLA', 'manish_ladla@students.iitmandi.ac.in', '0000-00-00', '', 3, 1, '0000-00-00 00:00:00'),
(303, 'nagarjun_narayan', '', 'B11068', 'NAGARJUN NARAYAN', 'nagarjun_narayan@students.iitmandi.ac.in', '0000-00-00', '', 3, 1, '0000-00-00 00:00:00'),
(304, 'p_nagarjuna', '', 'B11069', 'P NAGARJUNA', 'p_nagarjuna@students.iitmandi.ac.in', '0000-00-00', '', 3, 1, '0000-00-00 00:00:00'),
(305, 'pradeep_seervi', '', 'B11070', 'PRADEEP SEERVI', 'pradeep_seervi@students.iitmandi.ac.in', '0000-00-00', '', 3, 1, '0000-00-00 00:00:00'),
(306, 'prakhar_agarwal', '', 'B11071', 'PRAKHAR AGARWAL', 'prakhar_agarwal@students.iitmandi.ac.in', '0000-00-00', '', 3, 1, '0000-00-00 00:00:00'),
(307, 'priya_agarwal', '', 'B11072', 'PRIYA AGARWAL', 'priya_agarwal@students.iitmandi.ac.in', '0000-00-00', '', 3, 1, '0000-00-00 00:00:00'),
(308, 'raj_kumar', '', 'B11074', 'RAJ KUMAR', 'raj_kumar@students.iitmandi.ac.in', '0000-00-00', '', 3, 1, '0000-00-00 00:00:00'),
(309, 'rajiv_ranjan', '', 'B11075', 'RAJIV RANJAN YADAV', 'rajiv_ranjan@students.iitmandi.ac.in', '0000-00-00', '', 3, 1, '0000-00-00 00:00:00'),
(310, 'ravinder_kumar', '', 'B11076', 'RAVINDER KUMAR', 'ravinder_kumar@students.iitmandi.ac.in', '0000-00-00', '', 3, 1, '0000-00-00 00:00:00'),
(311, 'rohit_kanaujia', '', 'B11077', 'ROHIT KANAUJIA', 'rohit_kanaujia@students.iitmandi.ac.in', '0000-00-00', '', 3, 1, '0000-00-00 00:00:00'),
(312, 'sawan_kumar', '', 'B11078', 'SAWAN KUMAR MEENA', 'sawan_kumar@students.iitmandi.ac.in', '0000-00-00', '', 3, 1, '0000-00-00 00:00:00'),
(313, 'sourabh_singh', '', 'B11079', 'SOURABH SINGH', 'sourabh_singh@students.iitmandi.ac.in', '0000-00-00', '', 3, 1, '0000-00-00 00:00:00'),
(314, 'suhail_hameed', '', 'B11080', 'SUHAIL HAMEED', 'suhail_hameed@students.iitmandi.ac.in', '0000-00-00', '', 3, 1, '0000-00-00 00:00:00'),
(315, 'suleman_alam', '', 'B11081', 'SULEMAN ALAM', 'suleman_alam@students.iitmandi.ac.in', '0000-00-00', '', 3, 1, '0000-00-00 00:00:00'),
(316, 'suramya_gupta', '', 'B11082', 'SURAMYA GUPTA', 'suramya_gupta@students.iitmandi.ac.in', '0000-00-00', '', 3, 1, '0000-00-00 00:00:00'),
(317, 'syed_jafar', '', 'B11083', 'SYED JAFAR SHAHID RIZVI', 'syed_jafar@students.iitmandi.ac.in', '0000-00-00', '', 3, 1, '0000-00-00 00:00:00'),
(318, 'tejas_l', '', 'B11084', 'TEJAS JAYANTILAL LUNAWAT', 'tejas_l@students.iitmandi.ac.in', '0000-00-00', '', 3, 1, '0000-00-00 00:00:00'),
(319, 'umang_jain', '', 'B11086', 'UMANG JAIN', 'umang_jain@students.iitmandi.ac.in', '0000-00-00', '', 3, 1, '0000-00-00 00:00:00'),
(320, 'vikas_kumar', '', 'B11088', 'VIKAS KUMAR MEENA', 'vikas_kumar@students.iitmandi.ac.in', '0000-00-00', '', 3, 1, '0000-00-00 00:00:00'),
(321, 'abhay_chowdhary', '', 'B11101', 'ABHAY CHOWDHARY', 'abhay_chowdhary@students.iitmandi.ac.in', '0000-00-00', '', 3, 1, '0000-00-00 00:00:00'),
(322, 'abhishek_kumar', '', 'B11102', 'ABHISHEK KUMAR', 'abhishek_kumar@students.iitmandi.ac.in', '0000-00-00', '', 3, 1, '0000-00-00 00:00:00'),
(323, 'abhishek_gupta', '', 'B11103', 'ABHISHEK KUMAR GUPTA', 'abhishek_gupta@students.iitmandi.ac.in', '0000-00-00', '', 3, 1, '0000-00-00 00:00:00'),
(324, 'ajay_kumar', '', 'B11104', 'AJAY KUMAR', 'ajay_kumar@students.iitmandi.ac.in', '0000-00-00', '', 3, 1, '0000-00-00 00:00:00'),
(325, 'amit_bhati', '', 'B11105', 'AMIT BHATI', 'amit_bhati@students.iitmandi.ac.in', '0000-00-00', '', 3, 1, '0000-00-00 00:00:00'),
(326, 'ankit_g', '', 'B11107', 'ANKIT GUPTA', 'ankit_g@students.iitmandi.ac.in', '0000-00-00', '', 3, 1, '0000-00-00 00:00:00'),
(327, 'ankit_srivastava', '', 'B11108', 'ANKIT SRIVASTAVA', 'ankit_srivastava@students.iitmandi.ac.in', '0000-00-00', '', 3, 1, '0000-00-00 00:00:00'),
(328, 'a_yadav', '', 'B11109', 'ANKIT YADAV', 'a_yadav@students.iitmandi.ac.in', '0000-00-00', '', 3, 1, '0000-00-00 00:00:00'),
(329, 'anurag_rawat_kumar', '', 'B11110', 'ANURAG RAWAT', 'anurag_rawat_kumar@students.iitmandi.ac.in', '0000-00-00', '', 3, 1, '0000-00-00 00:00:00'),
(330, 'arpit_ajay', '', 'B11111', 'ARPIT AJAY NARECHANIA', 'arpit_ajay@students.iitmandi.ac.in', '0000-00-00', '', 3, 1, '0000-00-00 00:00:00'),
(331, 'ashish_k', '', 'B11112', 'ASHISH KUMAR', 'ashish_k@students.iitmandi.ac.in', '0000-00-00', '', 3, 1, '0000-00-00 00:00:00'),
(332, 'ashok_choudhary', '', 'B11113', 'ASHOK KUMAR CHOUDHARY', 'ashok_choudhary@students.iitmandi.ac.in', '0000-00-00', '', 3, 1, '0000-00-00 00:00:00'),
(333, 'baratam_chamundeswar', '', 'B11115', 'BARATAM CHAMUNDESWAR NADH', 'baratam_chamundeswar@students.iitmandi.ac.in', '0000-00-00', '', 3, 1, '0000-00-00 00:00:00'),
(334, 'bhavesh_silawat', '', 'B11116', 'BHAVESH SILAWAT', 'bhavesh_silawat@students.iitmandi.ac.in', '0000-00-00', '', 3, 1, '0000-00-00 00:00:00'),
(335, 'bijon_kowshik', '', 'B11117', 'BIJON KOWSHIK PAUL', 'bijon_kowshik@students.iitmandi.ac.in', '0000-00-00', '', 3, 1, '0000-00-00 00:00:00'),
(336, 'chinmay_krishna', '', 'B11118', 'CHINMAY KRISHNA', 'chinmay_krishna@students.iitmandi.ac.in', '0000-00-00', '', 3, 1, '0000-00-00 00:00:00'),
(337, 'harshit_singhal', '', 'B11119', 'HARSHIT SINGHAL', 'harshit_singhal@students.iitmandi.ac.in', '0000-00-00', '', 3, 1, '0000-00-00 00:00:00'),
(338, 'ingale_swapnil', '', 'B11120', 'INGALE SWAPNIL SUSHIL', 'ingale_swapnil@students.iitmandi.ac.in', '0000-00-00', '', 3, 1, '0000-00-00 00:00:00'),
(339, 'kalu_ram_meena', '', 'B11121', 'KALU RAM MEENA', 'kalu_ram_meena@students.iitmandi.ac.in', '0000-00-00', '', 3, 1, '0000-00-00 00:00:00'),
(340, 'karpe_mandar_nitin', '', 'B11122', 'KARPE MANDAR NITIN', 'karpe_mandar_nitin@students.iitmandi.ac.in', '0000-00-00', '', 3, 1, '0000-00-00 00:00:00'),
(341, 'kishore_bohara', '', 'B11123', 'KISHORE BOHARA', 'kishore_bohara@students.iitmandi.ac.in', '0000-00-00', '', 3, 1, '0000-00-00 00:00:00'),
(342, 'kushal_mundle', '', 'B11124', 'KUSHAL MUNDLE', 'kushal_mundle@students.iitmandi.ac.in', '0000-00-00', '', 3, 1, '0000-00-00 00:00:00'),
(343, 'lalitesh_kumar_meena', '', 'B11125', 'LALITESH KUMAR MEENA', 'lalitesh_kumar_meena@students.iitmandi.ac.in', '0000-00-00', '', 3, 1, '0000-00-00 00:00:00'),
(344, 'mahendra_singh', '', 'B11126', 'MAHENDRA SINGH MEENA', 'mahendra_singh@students.iitmandi.ac.in', '0000-00-00', '', 3, 1, '0000-00-00 00:00:00'),
(345, 'mano_c', '', 'B11127', 'MANO C', 'mano_c@students.iitmandi.ac.in', '0000-00-00', '', 3, 1, '0000-00-00 00:00:00'),
(346, 'navneet_yadav', '', 'B11128', 'NAVNEET YADAV', 'navneet_yadav@students.iitmandi.ac.in', '0000-00-00', '', 3, 1, '0000-00-00 00:00:00'),
(347, 'nishank_kumar_gupta', '', 'B11129', 'NISHANK KUMAR GUPTA', 'nishank_kumar_gupta@students.iitmandi.ac.in', '0000-00-00', '', 3, 1, '0000-00-00 00:00:00'),
(348, 'paradhi_vinit_wamanrao', '', 'B11131', 'PARADHI VINIT WAMANRAO', 'paradhi_vinit_wamanrao@students.iitmandi.ac.in', '0000-00-00', '', 3, 1, '0000-00-00 00:00:00'),
(349, 'pranav_kumar_singh', '', 'B11132', 'PRANAV KUMAR SINGH', 'pranav_kumar_singh@students.iitmandi.ac.in', '0000-00-00', '', 3, 1, '0000-00-00 00:00:00'),
(350, 'prashant_prazapati', '', 'B11133', 'PRASHANT PRAZAPATI', 'prashant_prazapati@students.iitmandi.ac.in', '0000-00-00', '', 3, 1, '0000-00-00 00:00:00'),
(351, 'rahul_raj', '', 'B11134', 'RAHUL RAJ', 'rahul_raj@students.iitmandi.ac.in', '0000-00-00', '', 3, 1, '0000-00-00 00:00:00'),
(352, 'sachin_s', '', 'B11135', 'SACHIN', 'sachin_s@students.iitmandi.ac.in', '0000-00-00', '', 3, 1, '0000-00-00 00:00:00'),
(353, 'sama_gnaneshwar_reddy', '', 'B11136', 'SAMA GNANESHWAR REDDY', 'sama_gnaneshwar_reddy@students.iitmandi.ac.in', '0000-00-00', '', 3, 1, '0000-00-00 00:00:00'),
(354, 'shivam_arora', '', 'B11137', 'SHIVAM ARORA', 'shivam_arora@students.iitmandi.ac.in', '0000-00-00', '', 3, 1, '0000-00-00 00:00:00'),
(355, 'shubham_s', '', 'B11138', 'SHUBHAM', 'shubham_s@students.iitmandi.ac.in', '0000-00-00', '', 3, 1, '0000-00-00 00:00:00'),
(356, 't_bala_vineeth', '', 'B11139', 'T BALA VINEETH NETHA', 't_bala_vineeth@students.iitmandi.ac.in', '0000-00-00', '', 3, 1, '0000-00-00 00:00:00'),
(357, 'varra_siva', '', 'B11140', 'VARRA SIVA CHETAN REDDY', 'varra_siva@students.iitmandi.ac.in', '0000-00-00', '', 3, 1, '0000-00-00 00:00:00');
INSERT INTO `profiles` (`profile_id`, `profile_uid`, `profile_pwd`, `profile_enrollno`, `profile_name`, `profile_email`, `profile_dob`, `profile_gender`, `profile_role_id`, `profile_active`, `profile_date`) VALUES
(358, 'sindhu_k', '', 'D10001', 'SINDHU K', 'sindhu_k@students.iitmandi.ac.in', '0000-00-00', '', 3, 1, '0000-00-00 00:00:00'),
(359, 'anna_varughese', '', 'D10002', 'Anna Varughese', 'anna_varughese@students.iitmandi.ac.in', '0000-00-00', '', 3, 1, '0000-00-00 00:00:00'),
(360, 'navneet_singh', '', 'D10003', 'Navneet Singh', 'navneet_singh@students.iitmandi.ac.in', '0000-00-00', '', 3, 1, '0000-00-00 00:00:00'),
(361, 'p_kumar', '', 'D10004', 'PUSHPENDRA KUMAR', 'p_kumar@students.iitmandi.ac.in', '0000-00-00', '', 3, 1, '0000-00-00 00:00:00'),
(362, 'lakshman_m', '', 'D10005', 'Lakshman Mahto', 'lakshman_m@students.iitmandi.ac.in', '0000-00-00', '', 3, 1, '0000-00-00 00:00:00'),
(363, 'jai_prakash_tripathi', '', 'D10006', 'Jai Prakash Tripathi', 'jai_prakash_tripathi@students.iitmandi.ac.in', '0000-00-00', '', 3, 1, '0000-00-00 00:00:00'),
(364, 'hemant', '', 'D10007', 'Hemant Jalota', 'hemant@students.iitmandi.ac.in', '0000-00-00', '', 3, 1, '0000-00-00 00:00:00'),
(365, 'sunil_dutt', '', 'D10008', 'Sunil Dutt', 'sunil_dutt@students.iitmandi.ac.in', '0000-00-00', '', 3, 1, '0000-00-00 00:00:00'),
(366, 'sougata_sinha', '', 'D10009', 'SOUGATA SINHA', 'sougata_sinha@students.iitmandi.ac.in', '0000-00-00', '', 3, 1, '0000-00-00 00:00:00'),
(367, 'vivek_m', '', 'D10010', 'Vivek Kumar Mishra', 'vivek_m@students.iitmandi.ac.in', '0000-00-00', '', 3, 1, '0000-00-00 00:00:00'),
(368, 'diwaker_d', '', 'D10011', 'Diwaker', 'diwaker_d@students.iitmandi.ac.in', '0000-00-00', '', 3, 1, '0000-00-00 00:00:00'),
(369, 'abhishek_chaudhary', '', 'D10012', 'Abhishek Chaudhary', 'abhishek_chaudhary@students.iitmandi.ac.in', '0000-00-00', '', 3, 1, '0000-00-00 00:00:00'),
(370, 'reena_singh', '', 'D10014', 'Reena Singh', 'reena_singh@students.iitmandi.ac.in', '0000-00-00', '', 3, 1, '0000-00-00 00:00:00'),
(371, 'chander_s', '', 'D10015', 'Chander Kant Susheel', 'chander_s@students.iitmandi.ac.in', '0000-00-00', '', 3, 1, '0000-00-00 00:00:00'),
(372, 'ashish_kumar', '', 'D10016', 'ASHISH KUMAR', 'ashish_kumar@students.iitmandi.ac.in', '0000-00-00', '', 3, 1, '0000-00-00 00:00:00'),
(373, 'j_verma', '', 'D10017', 'JITENDRA KUMAR VERMA', 'j_verma@students.iitmandi.ac.in', '0000-00-00', '', 3, 1, '0000-00-00 00:00:00'),
(374, 'abhishek_g', '', 'D11018', 'Abhishek Gupta', 'abhishek_g@students.iitmandi.ac.in', '0000-00-00', '', 3, 1, '0000-00-00 00:00:00'),
(375, 'raj_kumar_rao', '', 'D11019', 'Raj Kumar', 'raj_kumar_rao@students.iitmandi.ac.in', '0000-00-00', '', 3, 1, '0000-00-00 00:00:00'),
(376, 'sunil_kumar', '', 'D11020', 'Sunil Kumar', 'sunil_kumar@students.iitmandi.ac.in', '0000-00-00', '', 3, 1, '0000-00-00 00:00:00'),
(377, 'manisha_devi', '', 'D11021', 'Manisha Devi', 'manisha_devi@students.iitmandi.ac.in', '0000-00-00', '', 3, 1, '0000-00-00 00:00:00'),
(378, 'hari_vansh_mittal', '', 'D11023', 'HARI VANSH RAI MITTAL', 'hari_vansh_mittal@students.iitmandi.ac.in', '0000-00-00', '', 3, 1, '0000-00-00 00:00:00'),
(379, 'kushal_veer_singh', '', 'D11024', 'Kushal Veer Singh', 'kushal_veer_singh@students.iitmandi.ac.in', '0000-00-00', '', 3, 1, '0000-00-00 00:00:00'),
(380, 'anshul_s', '', 'D11027', 'Anshul', 'anshul_s@students.iitmandi.ac.in', '0000-00-00', '', 3, 1, '0000-00-00 00:00:00'),
(381, 'arun_kumar', '', 'D11028', 'Arun Kumar', 'arun_kumar@students.iitmandi.ac.in', '0000-00-00', '', 3, 1, '0000-00-00 00:00:00'),
(382, 'rajiv_m', '', 'D11030', 'RAJIV KUMAR MAURYA', 'rajiv_m@students.iitmandi.ac.in', '0000-00-00', '', 3, 1, '0000-00-00 00:00:00'),
(383, 'himadri_c', '', 'D11031', 'Himadri Chakraborti', 'himadri_c@students.iitmandi.ac.in', '0000-00-00', '', 3, 1, '0000-00-00 00:00:00'),
(384, 'jalim_singh', '', 'D11036', 'JALIM SINGH', 'jalim_singh@students.iitmandi.ac.in', '0000-00-00', '', 3, 1, '0000-00-00 00:00:00'),
(385, 'lakshmanan_s_a', '', 'D11037', 'LAKSHNANAN S', 'lakshmanan_s_a@students.iitmandi.ac.in', '0000-00-00', '', 3, 1, '0000-00-00 00:00:00'),
(386, 'abhishek_kumar_gupta', '', 'D11038', 'ABHISHEK KUMAR GUPTA', 'abhishek_kumar_gupta@students.iitmandi.ac.in', '0000-00-00', '', 3, 1, '0000-00-00 00:00:00'),
(387, 'r_sharma', '', 'D11039', 'REENA SINGH', 'r_sharma@students.iitmandi.ac.in', '0000-00-00', '', 3, 1, '0000-00-00 00:00:00'),
(388, 'sk_mujaffor', '', 'D11040', 'SK MUJARROR', 'sk_mujaffor@students.iitmandi.ac.in', '0000-00-00', '', 3, 1, '0000-00-00 00:00:00'),
(389, 'deepak_kumar', '', 'D11041', 'DEEPAK KUMAR', 'deepak_kumar@students.iitmandi.ac.in', '0000-00-00', '', 3, 1, '0000-00-00 00:00:00'),
(390, 'anand_k', '', 'D11042', 'ANAND KUMAR', 'anand_k@students.iitmandi.ac.in', '0000-00-00', '', 3, 1, '0000-00-00 00:00:00'),
(391, 'rajeev_k', '', 'D11043', 'RAJEEV KUMAR', 'rajeev_k@students.iitmandi.ac.in', '0000-00-00', '', 3, 1, '0000-00-00 00:00:00'),
(392, 'gurinderbir_singh', '', 'D11044', 'GURINDER SINGH', 'gurinderbir_singh@students.iitmandi.ac.in', '0000-00-00', '', 3, 1, '0000-00-00 00:00:00'),
(393, 'c_thirumurugan', '', 'D11045', 'C THIRUMURUGAN', 'c_thirumurugan@students.iitmandi.ac.in', '0000-00-00', '', 3, 1, '0000-00-00 00:00:00'),
(394, 'sanjay_k', '', 'D11046', 'SANJAY K', 'sanjay_k@students.iitmandi.ac.in', '0000-00-00', '', 3, 1, '0000-00-00 00:00:00'),
(395, 'runa', '', 'S10001', 'RUNA BARIK', 'runa@students.iitmandi.ac.in', '0000-00-00', '', 3, 1, '0000-00-00 00:00:00'),
(396, 'sujeet_kumar', '', 'S10002', 'SUJEET KUMAR', 'sujeet_kumar@students.iitmandi.ac.in', '0000-00-00', '', 3, 1, '0000-00-00 00:00:00'),
(397, 's_t', '', 'S10003', 'SHEJIN T', 's_t@students.iitmandi.ac.in', '0000-00-00', '', 3, 1, '0000-00-00 00:00:00'),
(398, 'ranjit_singh', '', 'S10004', 'RANJIT SINGH', 'ranjit_singh@students.iitmandi.ac.in', '0000-00-00', '', 3, 1, '0000-00-00 00:00:00'),
(399, 'srimanta_mandal', '', 'S10005', 'SRIMANTA MANDALl', 'srimanta_mandal@students.iitmandi.ac.in', '0000-00-00', '', 3, 1, '0000-00-00 00:00:00'),
(400, 'vijay_chauhan', '', 'S10006', 'VIJAY CHAUHAN', 'vijay_chauhan@students.iitmandi.ac.in', '0000-00-00', '', 3, 1, '0000-00-00 00:00:00'),
(401, 'anjana_babu', '', 'S11009', 'ANJANA BABU', 'anjana_babu@students.iitmandi.ac.in', '0000-00-00', '', 3, 1, '0000-00-00 00:00:00'),
(402, 'anuruddh_kumar', '', 'S11011', 'ANURUDDH KUMAR', 'anuruddh_kumar@students.iitmandi.ac.in', '0000-00-00', '', 3, 1, '0000-00-00 00:00:00'),
(403, 't_kant', '', 'S11014', 'TUSAR  KANT', 't_kant@students.iitmandi.ac.in', '0000-00-00', '', 3, 1, '0000-00-00 00:00:00'),
(404, 'anshul_kumar_mishra', '', 'S11015', 'ANSHUL KUMAR', 'anshul_kumar_mishra@students.iitmandi.ac.in', '0000-00-00', '', 3, 1, '0000-00-00 00:00:00'),
(405, 'chittotosh_ganguly', '', 'S11016', 'CHITTOTOSH GANGULY', 'chittotosh_ganguly@students.iitmandi.ac.in', '0000-00-00', '', 3, 1, '0000-00-00 00:00:00'),
(406, 'ashish_j', '', 'S11017', 'ASHISH J', 'ashish_j@students.iitmandi.ac.in', '0000-00-00', '', 3, 1, '0000-00-00 00:00:00'),
(407, 'pothula_abhinay_reddy', '', 'S11018', 'POTHULA ABHINAY', 'pothula_abhinay_reddy@students.iitmandi.ac.in', '0000-00-00', '', 3, 1, '0000-00-00 00:00:00'),
(408, 'khoisnam_steela', '', 'S11019', 'KHOISNAM STEELA', 'khoisnam_steela@students.iitmandi.ac.in', '0000-00-00', '', 3, 1, '0000-00-00 00:00:00'),
(409, 'gaurav_vats', '', 'S11020', 'GAURAV VATS', 'gaurav_vats@students.iitmandi.ac.in', '0000-00-00', '', 3, 1, '0000-00-00 00:00:00'),
(411, 'himanshu_singh', '', 'B10058', 'HIMANSHU SINGH', 'himanshu_singh@students.iitmandi.ac.in', '0000-00-00', '', 3, 1, '0000-00-00 00:00:00'),
(412, 'amit_kumar_meena', '', 'B10087', 'AMIT KUMAR MEENA', 'amit_kumar_meena@students.iitmandi.ac.in', '0000-00-00', '', 3, 1, '2012-04-10 12:31:10'),
(413, 'shobhit_palsingh', '', 'B09116', 'SHOBHIT PAL SINGH', 'shobhit_palsingh@students.iitmandi.ac.in', '2010-01-01', 'M', 0, 1, '2012-04-10 14:22:17');

-- --------------------------------------------------------

--
-- Table structure for table `schedule`
--

CREATE TABLE IF NOT EXISTS `schedule` (
  `schedule_id` int(11) NOT NULL AUTO_INCREMENT,
  `schedule_course_id` int(11) NOT NULL DEFAULT '0',
  `schedule_status` varchar(100) NOT NULL DEFAULT 'in progress',
  `schedule_active` tinyint(1) NOT NULL DEFAULT '0',
  PRIMARY KEY (`schedule_id`)
) ENGINE=MyISAM  DEFAULT CHARSET=latin1 AUTO_INCREMENT=55 ;

--
-- Dumping data for table `schedule`
--

INSERT INTO `schedule` (`schedule_id`, `schedule_course_id`, `schedule_status`, `schedule_active`) VALUES
(1, 1, 'in progress', 0),
(2, 2, 'in progress', 0),
(3, 3, 'In Progress', 0),
(4, 4, 'In Progress', 0),
(5, 5, 'In Progress', 0),
(6, 6, 'In Progress', 0),
(7, 7, 'In Progress', 0),
(8, 8, 'In Progress', 0),
(9, 9, 'in progress', 0),
(10, 10, 'In Progress', 0),
(11, 11, 'In Progress', 0),
(12, 12, 'In Progress', 0),
(13, 13, 'In Progress', 0),
(14, 14, 'In Progress', 0),
(15, 15, 'In Progress', 0),
(16, 16, 'In Progress', 0),
(17, 17, 'In Progress', 0),
(18, 18, 'In Progress', 0),
(19, 19, 'In Progress', 0),
(20, 20, 'In Progress', 0),
(21, 21, 'In Progress', 0),
(22, 22, 'In Progress', 0),
(23, 23, 'In Progress', 0),
(24, 24, 'In Progress', 0),
(25, 25, 'In Progress', 0),
(26, 26, 'in progress', 0),
(27, 27, 'In Progress', 0),
(28, 28, 'In Progress', 0),
(29, 29, 'In Progress', 0),
(30, 30, 'In Progress', 0),
(31, 31, 'In Progress', 0),
(32, 32, 'In Progress', 0),
(33, 33, 'In Progress', 0),
(34, 34, 'In Progress', 0),
(35, 35, 'In Progress', 0),
(36, 36, 'In Progress', 0),
(37, 37, 'In Progress', 0),
(38, 38, 'in progress', 0),
(39, 39, 'In Progress', 0),
(40, 40, 'In Progress', 0),
(41, 41, 'In Progress', 0),
(42, 42, 'In Progress', 0),
(43, 43, 'in progress', 0),
(44, 44, 'in progress', 0),
(45, 45, 'In Progress', 0),
(46, 46, 'In Progress', 0),
(47, 47, 'in progress', 0),
(48, 48, 'In Progress', 0),
(49, 49, 'In Progress', 0),
(50, 50, 'in progress', 0),
(51, 51, 'In Progress', 0),
(52, 52, 'In Progress', 0),
(53, 53, 'In Progress', 0),
(54, 54, 'In Progress', 0);

-- --------------------------------------------------------

--
-- Table structure for table `student_schedule`
--

CREATE TABLE IF NOT EXISTS `student_schedule` (
  `student_schedule_id` int(11) NOT NULL AUTO_INCREMENT,
  `student_schedule_profile_id` int(11) NOT NULL DEFAULT '0',
  `student_schedule_schedule_id` int(11) NOT NULL DEFAULT '0',
  `student_schedule_questions` tinyint(1) NOT NULL DEFAULT '0',
  `student_schedule_approved` tinyint(1) NOT NULL DEFAULT '1',
  PRIMARY KEY (`student_schedule_id`)
) ENGINE=MyISAM  DEFAULT CHARSET=latin1 AUTO_INCREMENT=2268 ;

--
-- Dumping data for table `student_schedule`
--

INSERT INTO `student_schedule` (`student_schedule_id`, `student_schedule_profile_id`, `student_schedule_schedule_id`, `student_schedule_questions`, `student_schedule_approved`) VALUES
(1, 250, 6, 0, 1),
(2, 251, 6, 0, 1),
(3, 252, 6, 0, 1),
(4, 253, 6, 0, 1),
(5, 254, 6, 0, 1),
(6, 255, 6, 0, 1),
(7, 256, 6, 0, 1),
(8, 257, 6, 0, 1),
(9, 258, 6, 0, 1),
(10, 259, 6, 0, 1),
(11, 260, 6, 0, 1),
(12, 261, 6, 0, 1),
(13, 262, 6, 0, 1),
(14, 263, 6, 0, 1),
(15, 264, 6, 0, 1),
(16, 265, 6, 0, 1),
(17, 266, 6, 0, 1),
(18, 267, 6, 0, 1),
(19, 268, 6, 0, 1),
(20, 269, 6, 0, 1),
(21, 270, 6, 0, 1),
(22, 271, 6, 0, 1),
(23, 272, 6, 0, 1),
(24, 273, 6, 0, 1),
(25, 274, 6, 0, 1),
(26, 275, 6, 0, 1),
(27, 276, 6, 0, 1),
(28, 277, 6, 0, 1),
(29, 278, 6, 0, 1),
(30, 279, 6, 0, 1),
(31, 280, 6, 0, 1),
(32, 281, 6, 0, 1),
(33, 282, 6, 0, 1),
(34, 283, 6, 0, 1),
(35, 284, 6, 0, 1),
(36, 285, 6, 0, 1),
(37, 286, 6, 0, 1),
(38, 287, 6, 0, 1),
(39, 288, 6, 0, 1),
(40, 289, 6, 0, 1),
(41, 290, 6, 0, 1),
(42, 291, 6, 0, 1),
(43, 292, 6, 0, 1),
(44, 293, 6, 0, 1),
(45, 294, 6, 0, 1),
(46, 295, 6, 0, 1),
(47, 296, 6, 0, 1),
(48, 297, 6, 0, 1),
(49, 298, 6, 0, 1),
(50, 299, 6, 0, 1),
(51, 300, 6, 0, 1),
(52, 301, 6, 0, 1),
(53, 302, 6, 0, 1),
(54, 303, 6, 0, 1),
(55, 304, 6, 0, 1),
(56, 305, 6, 0, 1),
(57, 306, 6, 0, 1),
(58, 307, 6, 0, 1),
(59, 308, 6, 0, 1),
(60, 309, 6, 0, 1),
(61, 310, 6, 0, 1),
(62, 311, 6, 0, 1),
(63, 312, 6, 0, 1),
(64, 313, 6, 0, 1),
(65, 314, 6, 0, 1),
(66, 315, 6, 0, 1),
(67, 316, 6, 0, 1),
(68, 317, 6, 0, 1),
(69, 318, 6, 0, 1),
(70, 319, 6, 0, 1),
(71, 320, 6, 0, 1),
(72, 321, 6, 0, 1),
(73, 322, 6, 0, 1),
(74, 323, 6, 0, 1),
(75, 324, 6, 0, 1),
(76, 325, 6, 0, 1),
(77, 326, 6, 0, 1),
(78, 327, 6, 0, 1),
(79, 328, 6, 0, 1),
(80, 329, 6, 0, 1),
(81, 330, 6, 0, 1),
(82, 331, 6, 0, 1),
(83, 332, 6, 0, 1),
(84, 333, 6, 0, 1),
(85, 334, 6, 0, 1),
(86, 335, 6, 0, 1),
(87, 336, 6, 0, 1),
(88, 337, 6, 0, 1),
(89, 338, 6, 0, 1),
(90, 339, 6, 0, 1),
(91, 340, 6, 0, 1),
(92, 341, 6, 0, 1),
(93, 342, 6, 0, 1),
(94, 343, 6, 0, 1),
(95, 344, 6, 0, 1),
(96, 345, 6, 0, 1),
(97, 346, 6, 0, 1),
(98, 347, 6, 0, 1),
(99, 348, 6, 0, 1),
(100, 349, 6, 0, 1),
(101, 350, 6, 0, 1),
(102, 351, 6, 0, 1),
(103, 352, 6, 0, 1),
(104, 353, 6, 0, 1),
(105, 354, 6, 0, 1),
(106, 355, 6, 0, 1),
(107, 356, 6, 0, 1),
(108, 357, 6, 0, 1),
(109, 250, 7, 0, 1),
(110, 251, 7, 0, 1),
(111, 252, 7, 0, 1),
(112, 253, 7, 0, 1),
(113, 254, 7, 0, 1),
(114, 255, 7, 0, 1),
(115, 256, 7, 0, 1),
(116, 257, 7, 0, 1),
(117, 258, 7, 0, 1),
(118, 259, 7, 0, 1),
(119, 260, 7, 0, 1),
(120, 261, 7, 0, 1),
(121, 262, 7, 0, 1),
(122, 263, 7, 0, 1),
(123, 264, 7, 0, 1),
(124, 265, 7, 0, 1),
(125, 266, 7, 0, 1),
(126, 267, 7, 0, 1),
(127, 268, 7, 0, 1),
(128, 269, 7, 0, 1),
(129, 270, 7, 0, 1),
(130, 271, 7, 0, 1),
(131, 272, 7, 0, 1),
(132, 273, 7, 0, 1),
(133, 274, 7, 0, 1),
(134, 275, 7, 0, 1),
(135, 276, 7, 0, 1),
(136, 277, 7, 0, 1),
(137, 278, 7, 0, 1),
(138, 279, 7, 0, 1),
(139, 280, 7, 0, 1),
(140, 281, 7, 0, 1),
(141, 282, 7, 0, 1),
(142, 283, 7, 0, 1),
(143, 284, 7, 0, 1),
(144, 285, 7, 0, 1),
(145, 286, 7, 0, 1),
(146, 287, 7, 0, 1),
(147, 288, 7, 0, 1),
(148, 289, 7, 0, 1),
(149, 290, 7, 0, 1),
(150, 291, 7, 0, 1),
(151, 292, 7, 0, 1),
(152, 293, 7, 0, 1),
(153, 294, 7, 0, 1),
(154, 295, 7, 0, 1),
(155, 296, 7, 0, 1),
(156, 297, 7, 0, 1),
(157, 298, 7, 0, 1),
(158, 299, 7, 0, 1),
(159, 300, 7, 0, 1),
(160, 301, 7, 0, 1),
(161, 302, 7, 0, 1),
(162, 303, 7, 0, 1),
(163, 304, 7, 0, 1),
(164, 305, 7, 0, 1),
(165, 306, 7, 0, 1),
(166, 307, 7, 0, 1),
(167, 308, 7, 0, 1),
(168, 309, 7, 0, 1),
(169, 310, 7, 0, 1),
(170, 311, 7, 0, 1),
(171, 312, 7, 0, 1),
(172, 313, 7, 0, 1),
(173, 314, 7, 0, 1),
(174, 315, 7, 0, 1),
(175, 316, 7, 0, 1),
(176, 317, 7, 0, 1),
(177, 318, 7, 0, 1),
(178, 319, 7, 0, 1),
(179, 320, 7, 0, 1),
(180, 321, 7, 0, 1),
(181, 322, 7, 0, 1),
(182, 323, 7, 0, 1),
(183, 324, 7, 0, 1),
(184, 325, 7, 0, 1),
(185, 326, 7, 0, 1),
(186, 327, 7, 0, 1),
(187, 328, 7, 0, 1),
(188, 329, 7, 0, 1),
(189, 330, 7, 0, 1),
(190, 331, 7, 0, 1),
(191, 332, 7, 0, 1),
(192, 333, 7, 0, 1),
(193, 334, 7, 0, 1),
(194, 335, 7, 0, 1),
(195, 336, 7, 0, 1),
(196, 337, 7, 0, 1),
(197, 338, 7, 0, 1),
(198, 339, 7, 0, 1),
(199, 340, 7, 0, 1),
(200, 341, 7, 0, 1),
(201, 342, 7, 0, 1),
(202, 343, 7, 0, 1),
(203, 344, 7, 0, 1),
(204, 345, 7, 0, 1),
(205, 346, 7, 0, 1),
(206, 347, 7, 0, 1),
(207, 348, 7, 0, 1),
(208, 349, 7, 0, 1),
(209, 350, 7, 0, 1),
(210, 351, 7, 0, 1),
(211, 352, 7, 0, 1),
(212, 353, 7, 0, 1),
(213, 354, 7, 0, 1),
(214, 355, 7, 0, 1),
(215, 356, 7, 0, 1),
(216, 357, 7, 0, 1),
(217, 267, 33, 0, 1),
(218, 250, 2, 0, 1),
(219, 251, 2, 0, 1),
(220, 252, 2, 0, 1),
(221, 253, 2, 0, 1),
(222, 254, 2, 0, 1),
(223, 255, 2, 0, 1),
(224, 256, 2, 0, 1),
(225, 257, 2, 0, 1),
(226, 258, 2, 0, 1),
(227, 259, 2, 0, 1),
(228, 260, 2, 0, 1),
(229, 261, 2, 0, 1),
(230, 262, 2, 0, 1),
(231, 263, 2, 0, 1),
(232, 264, 2, 0, 1),
(233, 265, 2, 0, 1),
(234, 266, 2, 0, 1),
(235, 267, 2, 0, 1),
(236, 268, 2, 0, 1),
(237, 269, 2, 0, 1),
(238, 270, 2, 0, 1),
(239, 271, 2, 0, 1),
(240, 272, 2, 0, 1),
(241, 273, 2, 0, 1),
(242, 274, 2, 0, 1),
(243, 275, 2, 0, 1),
(244, 276, 2, 0, 1),
(245, 277, 2, 0, 1),
(246, 278, 2, 0, 1),
(247, 279, 2, 0, 1),
(248, 280, 2, 0, 1),
(249, 281, 2, 0, 1),
(250, 282, 2, 0, 1),
(251, 283, 2, 0, 1),
(252, 284, 2, 0, 1),
(253, 285, 2, 0, 1),
(254, 286, 2, 0, 1),
(255, 287, 2, 0, 1),
(256, 288, 2, 0, 1),
(257, 289, 2, 0, 1),
(258, 290, 2, 0, 1),
(259, 291, 2, 0, 1),
(260, 292, 2, 0, 1),
(261, 293, 2, 0, 1),
(262, 294, 2, 0, 1),
(263, 295, 2, 0, 1),
(264, 296, 2, 0, 1),
(265, 297, 2, 0, 1),
(266, 298, 2, 0, 1),
(267, 299, 2, 0, 1),
(268, 300, 2, 0, 1),
(269, 301, 2, 0, 1),
(270, 302, 2, 0, 1),
(271, 303, 2, 0, 1),
(272, 304, 2, 0, 1),
(273, 305, 2, 0, 1),
(274, 306, 2, 0, 1),
(275, 307, 2, 0, 1),
(276, 308, 2, 0, 1),
(277, 309, 2, 0, 1),
(278, 310, 2, 0, 1),
(279, 311, 2, 0, 1),
(280, 312, 2, 0, 1),
(281, 313, 2, 0, 1),
(282, 314, 2, 0, 1),
(283, 315, 2, 0, 1),
(284, 316, 2, 0, 1),
(285, 317, 2, 0, 1),
(286, 318, 2, 0, 1),
(287, 319, 2, 0, 1),
(288, 320, 2, 0, 1),
(289, 321, 2, 0, 1),
(290, 322, 2, 0, 1),
(291, 323, 2, 0, 1),
(292, 324, 2, 0, 1),
(293, 325, 2, 0, 1),
(294, 326, 2, 0, 1),
(295, 327, 2, 0, 1),
(296, 328, 2, 0, 1),
(297, 329, 2, 0, 1),
(298, 330, 2, 0, 1),
(299, 331, 2, 0, 1),
(300, 332, 2, 0, 1),
(301, 333, 2, 0, 1),
(302, 334, 2, 0, 1),
(303, 335, 2, 0, 1),
(304, 336, 2, 0, 1),
(305, 337, 2, 0, 1),
(306, 338, 2, 0, 1),
(307, 339, 2, 0, 1),
(308, 340, 2, 0, 1),
(309, 341, 2, 0, 1),
(310, 342, 2, 0, 1),
(311, 343, 2, 0, 1),
(312, 344, 2, 0, 1),
(313, 345, 2, 0, 1),
(314, 346, 2, 0, 1),
(315, 347, 2, 0, 1),
(316, 348, 2, 0, 1),
(317, 349, 2, 0, 1),
(318, 350, 2, 0, 1),
(319, 351, 2, 0, 1),
(320, 352, 2, 0, 1),
(321, 353, 2, 0, 1),
(322, 354, 2, 0, 1),
(323, 355, 2, 0, 1),
(324, 356, 2, 0, 1),
(325, 357, 2, 0, 1),
(326, 250, 3, 0, 1),
(327, 251, 3, 0, 1),
(328, 252, 3, 0, 1),
(329, 253, 3, 0, 1),
(330, 254, 3, 0, 1),
(331, 255, 3, 0, 1),
(332, 256, 3, 0, 1),
(333, 257, 3, 0, 1),
(334, 258, 3, 0, 1),
(335, 259, 3, 0, 1),
(336, 260, 3, 0, 1),
(337, 261, 3, 0, 1),
(338, 262, 3, 0, 1),
(339, 263, 3, 0, 1),
(340, 264, 3, 0, 1),
(341, 265, 3, 0, 1),
(342, 266, 3, 0, 1),
(343, 267, 3, 0, 1),
(344, 268, 3, 0, 1),
(345, 269, 3, 0, 1),
(346, 270, 3, 0, 1),
(347, 271, 3, 0, 1),
(348, 272, 3, 0, 1),
(349, 273, 3, 0, 1),
(350, 274, 3, 0, 1),
(351, 275, 3, 0, 1),
(352, 276, 3, 0, 1),
(353, 277, 3, 0, 1),
(354, 278, 3, 0, 1),
(355, 279, 3, 0, 1),
(356, 280, 3, 0, 1),
(357, 281, 3, 0, 1),
(358, 282, 3, 0, 1),
(359, 283, 3, 0, 1),
(360, 284, 3, 0, 1),
(361, 285, 3, 0, 1),
(362, 286, 3, 0, 1),
(363, 287, 3, 0, 1),
(364, 288, 3, 0, 1),
(365, 289, 3, 0, 1),
(366, 290, 3, 0, 1),
(367, 291, 3, 0, 1),
(368, 292, 3, 0, 1),
(369, 293, 3, 0, 1),
(370, 294, 3, 0, 1),
(371, 295, 3, 0, 1),
(372, 296, 3, 0, 1),
(373, 297, 3, 0, 1),
(374, 298, 3, 0, 1),
(375, 299, 3, 0, 1),
(376, 300, 3, 0, 1),
(377, 301, 3, 0, 1),
(378, 302, 3, 0, 1),
(379, 303, 3, 0, 1),
(380, 304, 3, 0, 1),
(381, 305, 3, 0, 1),
(382, 306, 3, 0, 1),
(383, 307, 3, 0, 1),
(384, 308, 3, 0, 1),
(385, 309, 3, 0, 1),
(386, 310, 3, 0, 1),
(387, 311, 3, 0, 1),
(388, 312, 3, 0, 1),
(389, 313, 3, 0, 1),
(390, 314, 3, 0, 1),
(391, 315, 3, 0, 1),
(392, 316, 3, 0, 1),
(393, 317, 3, 0, 1),
(394, 318, 3, 0, 1),
(395, 319, 3, 0, 1),
(396, 320, 3, 0, 1),
(397, 321, 3, 0, 1),
(398, 322, 3, 0, 1),
(399, 323, 3, 0, 1),
(400, 324, 3, 0, 1),
(401, 325, 3, 0, 1),
(402, 326, 3, 0, 1),
(403, 327, 3, 0, 1),
(404, 328, 3, 0, 1),
(405, 329, 3, 0, 1),
(406, 330, 3, 0, 1),
(407, 331, 3, 0, 1),
(408, 332, 3, 0, 1),
(409, 333, 3, 0, 1),
(410, 334, 3, 0, 1),
(411, 335, 3, 0, 1),
(412, 336, 3, 0, 1),
(413, 337, 3, 0, 1),
(414, 338, 3, 0, 1),
(415, 339, 3, 0, 1),
(416, 340, 3, 0, 1),
(417, 341, 3, 0, 1),
(418, 342, 3, 0, 1),
(419, 343, 3, 0, 1),
(420, 344, 3, 0, 1),
(421, 345, 3, 0, 1),
(422, 346, 3, 0, 1),
(423, 347, 3, 0, 1),
(424, 348, 3, 0, 1),
(425, 349, 3, 0, 1),
(426, 350, 3, 0, 1),
(427, 351, 3, 0, 1),
(428, 352, 3, 0, 1),
(429, 353, 3, 0, 1),
(430, 354, 3, 0, 1),
(431, 355, 3, 0, 1),
(432, 356, 3, 0, 1),
(433, 357, 3, 0, 1),
(434, 250, 4, 0, 1),
(435, 251, 4, 0, 1),
(436, 252, 4, 0, 1),
(437, 253, 4, 0, 1),
(438, 254, 4, 0, 1),
(439, 255, 4, 0, 1),
(440, 256, 4, 0, 1),
(441, 257, 4, 0, 1),
(442, 258, 4, 0, 1),
(443, 259, 4, 0, 1),
(444, 260, 4, 0, 1),
(445, 261, 4, 0, 1),
(446, 262, 4, 0, 1),
(447, 263, 4, 0, 1),
(448, 264, 4, 0, 1),
(449, 265, 4, 0, 1),
(450, 266, 4, 0, 1),
(451, 267, 4, 0, 1),
(452, 268, 4, 0, 1),
(453, 269, 4, 0, 1),
(454, 270, 4, 0, 1),
(455, 271, 4, 0, 1),
(456, 272, 4, 0, 1),
(457, 273, 4, 0, 1),
(458, 274, 4, 0, 1),
(459, 275, 4, 0, 1),
(460, 276, 4, 0, 1),
(461, 277, 4, 0, 1),
(462, 278, 4, 0, 1),
(463, 279, 4, 0, 1),
(464, 280, 4, 0, 1),
(465, 281, 4, 0, 1),
(466, 282, 4, 0, 1),
(467, 283, 4, 0, 1),
(468, 284, 4, 0, 1),
(469, 285, 4, 0, 1),
(470, 286, 4, 0, 1),
(471, 287, 4, 0, 1),
(472, 288, 4, 0, 1),
(473, 289, 4, 0, 1),
(474, 290, 4, 0, 1),
(475, 291, 4, 0, 1),
(476, 292, 4, 0, 1),
(477, 293, 4, 0, 1),
(478, 294, 4, 0, 1),
(479, 295, 4, 0, 1),
(480, 296, 4, 0, 1),
(481, 297, 4, 0, 1),
(482, 298, 4, 0, 1),
(483, 299, 4, 0, 1),
(484, 300, 4, 0, 1),
(485, 301, 4, 0, 1),
(486, 302, 4, 0, 1),
(487, 303, 4, 0, 1),
(488, 304, 4, 0, 1),
(489, 305, 4, 0, 1),
(490, 306, 4, 0, 1),
(491, 307, 4, 0, 1),
(492, 308, 4, 0, 1),
(493, 309, 4, 0, 1),
(494, 310, 4, 0, 1),
(495, 311, 4, 0, 1),
(496, 312, 4, 0, 1),
(497, 313, 4, 0, 1),
(498, 314, 4, 0, 1),
(499, 315, 4, 0, 1),
(500, 316, 4, 0, 1),
(501, 317, 4, 0, 1),
(502, 318, 4, 0, 1),
(503, 319, 4, 0, 1),
(504, 320, 4, 0, 1),
(505, 321, 4, 0, 1),
(506, 322, 4, 0, 1),
(507, 323, 4, 0, 1),
(508, 324, 4, 0, 1),
(509, 325, 4, 0, 1),
(510, 326, 4, 0, 1),
(511, 327, 4, 0, 1),
(512, 328, 4, 0, 1),
(513, 329, 4, 0, 1),
(514, 330, 4, 0, 1),
(515, 331, 4, 0, 1),
(516, 332, 4, 0, 1),
(517, 333, 4, 0, 1),
(518, 334, 4, 0, 1),
(519, 335, 4, 0, 1),
(520, 336, 4, 0, 1),
(521, 337, 4, 0, 1),
(522, 338, 4, 0, 1),
(523, 339, 4, 0, 1),
(524, 340, 4, 0, 1),
(525, 341, 4, 0, 1),
(526, 342, 4, 0, 1),
(527, 343, 4, 0, 1),
(528, 344, 4, 0, 1),
(529, 345, 4, 0, 1),
(530, 346, 4, 0, 1),
(531, 347, 4, 0, 1),
(532, 348, 4, 0, 1),
(533, 349, 4, 0, 1),
(534, 350, 4, 0, 1),
(535, 351, 4, 0, 1),
(536, 352, 4, 0, 1),
(537, 353, 4, 0, 1),
(538, 354, 4, 0, 1),
(539, 355, 4, 0, 1),
(540, 356, 4, 0, 1),
(541, 357, 4, 0, 1),
(542, 250, 8, 0, 1),
(543, 252, 8, 0, 1),
(544, 254, 8, 0, 1),
(545, 258, 8, 0, 1),
(546, 259, 8, 0, 1),
(547, 263, 8, 0, 1),
(548, 264, 8, 0, 1),
(549, 265, 8, 0, 1),
(550, 266, 8, 0, 1),
(551, 270, 8, 0, 1),
(552, 271, 8, 0, 1),
(553, 273, 8, 0, 1),
(554, 274, 8, 0, 1),
(555, 278, 8, 0, 1),
(556, 284, 8, 0, 1),
(557, 286, 8, 0, 1),
(558, 287, 8, 0, 1),
(559, 288, 8, 0, 1),
(560, 292, 8, 0, 1),
(561, 294, 8, 0, 1),
(562, 300, 8, 0, 1),
(563, 301, 8, 0, 1),
(564, 308, 8, 0, 1),
(565, 310, 8, 0, 1),
(566, 311, 8, 0, 1),
(567, 312, 8, 0, 1),
(568, 314, 8, 0, 1),
(569, 315, 8, 0, 1),
(570, 318, 8, 0, 1),
(571, 320, 8, 0, 1),
(572, 321, 8, 0, 1),
(573, 324, 8, 0, 1),
(574, 328, 8, 0, 1),
(575, 329, 8, 0, 1),
(576, 332, 8, 0, 1),
(577, 333, 8, 0, 1),
(578, 339, 8, 0, 1),
(579, 341, 8, 0, 1),
(580, 343, 8, 0, 1),
(581, 344, 8, 0, 1),
(582, 348, 8, 0, 1),
(583, 351, 8, 0, 1),
(584, 353, 8, 0, 1),
(585, 357, 8, 0, 1),
(586, 257, 9, 0, 1),
(587, 260, 9, 0, 1),
(588, 261, 9, 0, 1),
(589, 269, 9, 0, 1),
(590, 272, 9, 0, 1),
(591, 275, 9, 0, 1),
(592, 276, 9, 0, 1),
(593, 279, 9, 0, 1),
(594, 280, 9, 0, 1),
(595, 281, 9, 0, 1),
(596, 283, 9, 0, 1),
(597, 290, 9, 0, 1),
(598, 293, 9, 0, 1),
(599, 296, 9, 0, 1),
(600, 297, 9, 0, 1),
(601, 298, 9, 0, 1),
(602, 302, 9, 0, 1),
(603, 303, 9, 0, 1),
(604, 304, 9, 0, 1),
(605, 306, 9, 0, 1),
(606, 309, 9, 0, 1),
(607, 313, 9, 0, 1),
(608, 323, 9, 0, 1),
(609, 325, 9, 0, 1),
(610, 326, 9, 0, 1),
(611, 327, 9, 0, 1),
(612, 334, 9, 0, 1),
(613, 335, 9, 0, 1),
(614, 337, 9, 0, 1),
(615, 338, 9, 0, 1),
(616, 340, 9, 0, 1),
(617, 346, 9, 0, 1),
(618, 347, 9, 0, 1),
(619, 352, 9, 0, 1),
(620, 354, 9, 0, 1),
(621, 355, 9, 0, 1),
(622, 356, 9, 0, 1),
(623, 251, 11, 0, 1),
(624, 253, 11, 0, 1),
(625, 255, 11, 0, 1),
(626, 256, 11, 0, 1),
(627, 262, 11, 0, 1),
(628, 267, 11, 0, 1),
(629, 268, 11, 0, 1),
(630, 277, 11, 0, 1),
(631, 282, 11, 0, 1),
(632, 285, 11, 0, 1),
(633, 289, 11, 0, 1),
(634, 291, 11, 0, 1),
(635, 295, 11, 0, 1),
(636, 299, 11, 0, 1),
(637, 305, 11, 0, 1),
(638, 307, 11, 0, 1),
(639, 316, 11, 0, 1),
(640, 317, 11, 0, 1),
(641, 319, 11, 0, 1),
(642, 322, 11, 0, 1),
(643, 330, 11, 0, 1),
(644, 331, 11, 0, 1),
(645, 336, 11, 0, 1),
(646, 342, 11, 0, 1),
(647, 345, 11, 0, 1),
(648, 349, 11, 0, 1),
(649, 350, 11, 0, 1),
(650, 250, 1, 0, 1),
(651, 251, 1, 0, 1),
(652, 252, 1, 0, 1),
(653, 253, 1, 0, 1),
(654, 254, 1, 0, 1),
(655, 255, 1, 0, 1),
(656, 256, 1, 0, 1),
(657, 257, 1, 0, 1),
(658, 258, 1, 0, 1),
(659, 259, 1, 0, 1),
(660, 260, 1, 0, 1),
(661, 261, 1, 0, 1),
(662, 262, 1, 0, 1),
(663, 263, 1, 0, 1),
(664, 264, 1, 0, 1),
(665, 265, 1, 0, 1),
(666, 266, 1, 0, 1),
(667, 267, 1, 0, 1),
(668, 268, 1, 0, 1),
(669, 269, 1, 0, 1),
(670, 270, 1, 0, 1),
(671, 271, 1, 0, 1),
(672, 272, 1, 0, 1),
(673, 273, 1, 0, 1),
(674, 274, 1, 0, 1),
(675, 275, 1, 0, 1),
(676, 276, 1, 0, 1),
(677, 277, 1, 0, 1),
(678, 278, 1, 0, 1),
(679, 279, 1, 0, 1),
(680, 280, 1, 0, 1),
(681, 281, 1, 0, 1),
(682, 282, 1, 0, 1),
(683, 283, 1, 0, 1),
(684, 284, 1, 0, 1),
(685, 285, 1, 0, 1),
(686, 286, 1, 0, 1),
(687, 287, 1, 0, 1),
(688, 288, 1, 0, 1),
(689, 289, 1, 0, 1),
(690, 290, 1, 0, 1),
(691, 291, 1, 0, 1),
(692, 292, 1, 0, 1),
(693, 293, 1, 0, 1),
(694, 294, 1, 0, 1),
(695, 295, 1, 0, 1),
(696, 296, 1, 0, 1),
(697, 297, 1, 0, 1),
(698, 298, 1, 0, 1),
(699, 299, 1, 0, 1),
(700, 300, 1, 0, 1),
(701, 301, 1, 0, 1),
(702, 302, 1, 0, 1),
(703, 303, 1, 0, 1),
(704, 304, 1, 0, 1),
(705, 305, 1, 0, 1),
(706, 306, 1, 0, 1),
(707, 307, 1, 0, 1),
(708, 308, 1, 0, 1),
(709, 309, 1, 0, 1),
(710, 310, 1, 0, 1),
(711, 311, 1, 0, 1),
(712, 312, 1, 0, 1),
(713, 313, 1, 0, 1),
(714, 314, 1, 0, 1),
(715, 315, 1, 0, 1),
(716, 316, 1, 0, 1),
(717, 317, 1, 0, 1),
(718, 318, 1, 0, 1),
(719, 319, 1, 0, 1),
(720, 320, 1, 0, 1),
(721, 321, 1, 0, 1),
(722, 322, 1, 0, 1),
(723, 323, 1, 0, 1),
(724, 324, 1, 0, 1),
(725, 325, 1, 0, 1),
(726, 326, 1, 0, 1),
(727, 327, 1, 0, 1),
(728, 328, 1, 0, 1),
(729, 329, 1, 0, 1),
(730, 330, 1, 0, 1),
(731, 331, 1, 0, 1),
(732, 332, 1, 0, 1),
(733, 333, 1, 0, 1),
(734, 334, 1, 0, 1),
(735, 335, 1, 0, 1),
(736, 336, 1, 0, 1),
(737, 337, 1, 0, 1),
(738, 338, 1, 0, 1),
(739, 339, 1, 0, 1),
(740, 340, 1, 0, 1),
(741, 341, 1, 0, 1),
(742, 342, 1, 0, 1),
(743, 343, 1, 0, 1),
(744, 344, 1, 0, 1),
(745, 345, 1, 0, 1),
(746, 346, 1, 0, 1),
(747, 347, 1, 0, 1),
(748, 348, 1, 0, 1),
(749, 349, 1, 0, 1),
(750, 350, 1, 0, 1),
(751, 351, 1, 0, 1),
(752, 352, 1, 0, 1),
(753, 353, 1, 0, 1),
(754, 354, 1, 0, 1),
(755, 355, 1, 0, 1),
(756, 356, 1, 0, 1),
(757, 357, 1, 0, 1),
(758, 250, 5, 0, 1),
(759, 251, 5, 0, 1),
(760, 252, 5, 0, 1),
(761, 253, 5, 0, 1),
(762, 254, 5, 0, 1),
(763, 255, 5, 0, 1),
(764, 256, 5, 0, 1),
(765, 257, 5, 0, 1),
(766, 258, 5, 0, 1),
(767, 259, 5, 0, 1),
(768, 260, 5, 0, 1),
(769, 261, 5, 0, 1),
(770, 262, 5, 0, 1),
(771, 263, 5, 0, 1),
(772, 264, 5, 0, 1),
(773, 265, 5, 0, 1),
(774, 266, 5, 0, 1),
(775, 267, 5, 0, 1),
(776, 268, 5, 0, 1),
(777, 269, 5, 0, 1),
(778, 270, 5, 0, 1),
(779, 271, 5, 0, 1),
(780, 272, 5, 0, 1),
(781, 273, 5, 0, 1),
(782, 274, 5, 0, 1),
(783, 275, 5, 0, 1),
(784, 276, 5, 0, 1),
(785, 277, 5, 0, 1),
(786, 278, 5, 0, 1),
(787, 279, 5, 0, 1),
(788, 280, 5, 0, 1),
(789, 281, 5, 0, 1),
(790, 282, 5, 0, 1),
(791, 283, 5, 0, 1),
(792, 284, 5, 0, 1),
(793, 285, 5, 0, 1),
(794, 286, 5, 0, 1),
(795, 287, 5, 0, 1),
(796, 288, 5, 0, 1),
(797, 289, 5, 0, 1),
(798, 290, 5, 0, 1),
(799, 291, 5, 0, 1),
(800, 292, 5, 0, 1),
(801, 293, 5, 0, 1),
(802, 294, 5, 0, 1),
(803, 295, 5, 0, 1),
(804, 296, 5, 0, 1),
(805, 297, 5, 0, 1),
(806, 298, 5, 0, 1),
(807, 299, 5, 0, 1),
(808, 300, 5, 0, 1),
(809, 301, 5, 0, 1),
(810, 302, 5, 0, 1),
(811, 303, 5, 0, 1),
(812, 304, 5, 0, 1),
(813, 305, 5, 0, 1),
(814, 306, 5, 0, 1),
(815, 307, 5, 0, 1),
(816, 308, 5, 0, 1),
(817, 309, 5, 0, 1),
(818, 310, 5, 0, 1),
(819, 311, 5, 0, 1),
(820, 312, 5, 0, 1),
(821, 313, 5, 0, 1),
(822, 314, 5, 0, 1),
(823, 315, 5, 0, 1),
(824, 316, 5, 0, 1),
(825, 317, 5, 0, 1),
(826, 318, 5, 0, 1),
(827, 319, 5, 0, 1),
(828, 320, 5, 0, 1),
(829, 321, 5, 0, 1),
(830, 322, 5, 0, 1),
(831, 323, 5, 0, 1),
(832, 324, 5, 0, 1),
(833, 325, 5, 0, 1),
(834, 326, 5, 0, 1),
(835, 327, 5, 0, 1),
(836, 328, 5, 0, 1),
(837, 329, 5, 0, 1),
(838, 330, 5, 0, 1),
(839, 331, 5, 0, 1),
(840, 332, 5, 0, 1),
(841, 333, 5, 0, 1),
(842, 334, 5, 0, 1),
(843, 335, 5, 0, 1),
(844, 336, 5, 0, 1),
(845, 337, 5, 0, 1),
(846, 338, 5, 0, 1),
(847, 339, 5, 0, 1),
(848, 340, 5, 0, 1),
(849, 341, 5, 0, 1),
(850, 342, 5, 0, 1),
(851, 343, 5, 0, 1),
(852, 344, 5, 0, 1),
(853, 345, 5, 0, 1),
(854, 346, 5, 0, 1),
(855, 347, 5, 0, 1),
(856, 348, 5, 0, 1),
(857, 349, 5, 0, 1),
(858, 350, 5, 0, 1),
(859, 351, 5, 0, 1),
(860, 352, 5, 0, 1),
(861, 353, 5, 0, 1),
(862, 354, 5, 0, 1),
(863, 355, 5, 0, 1),
(864, 356, 5, 0, 1),
(865, 357, 5, 0, 1),
(866, 135, 16, 0, 1),
(867, 136, 16, 0, 1),
(868, 137, 16, 0, 1),
(869, 138, 16, 0, 1),
(870, 139, 16, 0, 1),
(871, 140, 16, 0, 1),
(872, 141, 16, 0, 1),
(873, 142, 16, 0, 1),
(874, 143, 16, 0, 1),
(875, 144, 16, 0, 1),
(876, 145, 16, 0, 1),
(877, 146, 16, 0, 1),
(878, 147, 16, 0, 1),
(879, 148, 16, 0, 1),
(880, 149, 16, 0, 1),
(881, 150, 16, 0, 1),
(882, 151, 16, 0, 1),
(883, 152, 16, 0, 1),
(884, 153, 16, 0, 1),
(885, 154, 16, 0, 1),
(886, 155, 16, 0, 1),
(887, 156, 16, 0, 1),
(888, 157, 16, 0, 1),
(889, 158, 16, 0, 1),
(890, 159, 16, 0, 1),
(891, 160, 16, 0, 1),
(892, 161, 16, 0, 1),
(893, 162, 16, 0, 1),
(894, 163, 16, 0, 1),
(895, 164, 16, 0, 1),
(896, 165, 16, 0, 1),
(897, 166, 16, 0, 1),
(898, 167, 16, 0, 1),
(899, 168, 16, 0, 1),
(900, 169, 16, 0, 1),
(901, 170, 16, 0, 1),
(902, 171, 16, 0, 1),
(903, 172, 16, 0, 1),
(904, 174, 16, 0, 1),
(905, 175, 16, 0, 1),
(906, 176, 16, 0, 1),
(907, 199, 16, 0, 1),
(908, 201, 16, 0, 1),
(909, 205, 16, 0, 1),
(910, 218, 16, 0, 1),
(911, 135, 17, 0, 1),
(912, 136, 17, 0, 1),
(913, 137, 17, 0, 1),
(914, 138, 17, 0, 1),
(915, 139, 17, 0, 1),
(916, 140, 17, 0, 1),
(917, 141, 17, 0, 1),
(918, 142, 17, 0, 1),
(919, 143, 17, 0, 1),
(920, 144, 17, 0, 1),
(921, 145, 17, 0, 1),
(922, 146, 17, 0, 1),
(923, 147, 17, 0, 1),
(924, 148, 17, 0, 1),
(925, 149, 17, 0, 1),
(926, 150, 17, 0, 1),
(927, 151, 17, 0, 1),
(928, 152, 17, 0, 1),
(929, 153, 17, 0, 1),
(930, 154, 17, 0, 1),
(931, 155, 17, 0, 1),
(932, 156, 17, 0, 1),
(933, 157, 17, 0, 1),
(934, 158, 17, 0, 1),
(935, 159, 17, 0, 1),
(936, 160, 17, 0, 1),
(937, 161, 17, 0, 1),
(938, 162, 17, 0, 1),
(939, 163, 17, 0, 1),
(940, 164, 17, 0, 1),
(941, 165, 17, 0, 1),
(942, 166, 17, 0, 1),
(943, 167, 17, 0, 1),
(944, 168, 17, 0, 1),
(945, 169, 17, 0, 1),
(946, 170, 17, 0, 1),
(947, 171, 17, 0, 1),
(948, 172, 17, 0, 1),
(949, 174, 17, 0, 1),
(950, 175, 17, 0, 1),
(951, 176, 17, 0, 1),
(952, 199, 17, 0, 1),
(953, 201, 17, 0, 1),
(954, 205, 17, 0, 1),
(955, 218, 17, 0, 1),
(956, 135, 18, 0, 1),
(957, 136, 18, 0, 1),
(958, 137, 18, 0, 1),
(959, 138, 18, 0, 1),
(960, 139, 18, 0, 1),
(961, 140, 18, 0, 1),
(962, 141, 18, 0, 1),
(963, 142, 18, 0, 1),
(964, 143, 18, 0, 1),
(965, 144, 18, 0, 1),
(966, 145, 18, 0, 1),
(967, 146, 18, 0, 1),
(968, 147, 18, 0, 1),
(969, 148, 18, 0, 1),
(970, 149, 18, 0, 1),
(971, 150, 18, 0, 1),
(972, 151, 18, 0, 1),
(973, 152, 18, 0, 1),
(974, 153, 18, 0, 1),
(975, 154, 18, 0, 1),
(976, 155, 18, 0, 1),
(977, 156, 18, 0, 1),
(978, 157, 18, 0, 1),
(979, 158, 18, 0, 1),
(980, 159, 18, 0, 1),
(981, 160, 18, 0, 1),
(982, 161, 18, 0, 1),
(983, 162, 18, 0, 1),
(984, 163, 18, 0, 1),
(985, 164, 18, 0, 1),
(986, 165, 18, 0, 1),
(987, 166, 18, 0, 1),
(988, 167, 18, 0, 1),
(989, 168, 18, 0, 1),
(990, 169, 18, 0, 1),
(991, 170, 18, 0, 1),
(992, 171, 18, 0, 1),
(993, 172, 18, 0, 1),
(994, 174, 18, 0, 1),
(995, 175, 18, 0, 1),
(996, 176, 18, 0, 1),
(997, 199, 18, 0, 1),
(998, 201, 18, 0, 1),
(999, 205, 18, 0, 1),
(1000, 218, 18, 0, 1),
(1001, 139, 33, 0, 1),
(1002, 172, 33, 0, 1),
(1003, 178, 33, 0, 1),
(1004, 179, 33, 0, 1),
(1005, 203, 33, 0, 1),
(1006, 177, 26, 0, 1),
(1007, 178, 26, 0, 1),
(1008, 179, 26, 0, 1),
(1009, 180, 26, 0, 1),
(1010, 181, 26, 0, 1),
(1011, 182, 26, 0, 1),
(1012, 183, 26, 0, 1),
(1013, 411, 26, 0, 1),
(1014, 184, 26, 0, 1),
(1015, 185, 26, 0, 1),
(1016, 186, 26, 0, 1),
(1017, 187, 26, 0, 1),
(1018, 188, 26, 0, 1),
(1019, 189, 26, 0, 1),
(1020, 190, 26, 0, 1),
(1021, 191, 26, 0, 1),
(1022, 192, 26, 0, 1),
(1023, 193, 26, 0, 1),
(1024, 194, 26, 0, 1),
(1025, 195, 26, 0, 1),
(1026, 196, 26, 0, 1),
(1027, 197, 26, 0, 1),
(1028, 198, 26, 0, 1),
(1029, 200, 26, 0, 1),
(1030, 202, 26, 0, 1),
(1031, 203, 26, 0, 1),
(1032, 204, 26, 0, 1),
(1033, 206, 26, 0, 1),
(1034, 207, 26, 0, 1),
(1035, 208, 26, 0, 1),
(1036, 209, 26, 0, 1),
(1037, 210, 26, 0, 1),
(1038, 211, 26, 0, 1),
(1039, 412, 26, 0, 1),
(1040, 173, 26, 0, 1),
(1041, 177, 27, 0, 1),
(1042, 178, 27, 0, 1),
(1043, 179, 27, 0, 1),
(1044, 180, 27, 0, 1),
(1045, 181, 27, 0, 1),
(1046, 182, 27, 0, 1),
(1047, 183, 27, 0, 1),
(1048, 411, 27, 0, 1),
(1049, 184, 27, 0, 1),
(1050, 185, 27, 0, 1),
(1051, 186, 27, 0, 1),
(1052, 187, 27, 0, 1),
(1053, 188, 27, 0, 1),
(1054, 189, 27, 0, 1),
(1055, 190, 27, 0, 1),
(1056, 191, 27, 0, 1),
(1057, 192, 27, 0, 1),
(1058, 193, 27, 0, 1),
(1059, 194, 27, 0, 1),
(1060, 195, 27, 0, 1),
(1061, 196, 27, 0, 1),
(1062, 197, 27, 0, 1),
(1063, 198, 27, 0, 1),
(1064, 200, 27, 0, 1),
(1065, 202, 27, 0, 1),
(1066, 203, 27, 0, 1),
(1067, 204, 27, 0, 1),
(1068, 206, 27, 0, 1),
(1069, 207, 27, 0, 1),
(1070, 208, 27, 0, 1),
(1071, 209, 27, 0, 1),
(1072, 210, 27, 0, 1),
(1073, 211, 27, 0, 1),
(1074, 412, 27, 0, 1),
(1075, 173, 27, 0, 1),
(1076, 177, 12, 0, 1),
(1077, 178, 12, 0, 1),
(1078, 179, 12, 0, 1),
(1079, 180, 12, 0, 1),
(1080, 181, 12, 0, 1),
(1081, 182, 12, 0, 1),
(1082, 183, 12, 0, 1),
(1083, 411, 12, 0, 1),
(1084, 184, 12, 0, 1),
(1085, 185, 12, 0, 1),
(1086, 186, 12, 0, 1),
(1087, 187, 12, 0, 1),
(1088, 188, 12, 0, 1),
(1089, 189, 12, 0, 1),
(1090, 190, 12, 0, 1),
(1091, 191, 12, 0, 1),
(1092, 192, 12, 0, 1),
(1093, 193, 12, 0, 1),
(1094, 194, 12, 0, 1),
(1095, 195, 12, 0, 1),
(1096, 196, 12, 0, 1),
(1097, 197, 12, 0, 1),
(1098, 198, 12, 0, 1),
(1099, 200, 12, 0, 1),
(1100, 202, 12, 0, 1),
(1101, 203, 12, 0, 1),
(1102, 204, 12, 0, 1),
(1103, 206, 12, 0, 1),
(1104, 207, 12, 0, 1),
(1105, 208, 12, 0, 1),
(1106, 209, 12, 0, 1),
(1107, 210, 12, 0, 1),
(1108, 211, 12, 0, 1),
(1109, 412, 12, 0, 1),
(1110, 173, 12, 0, 1),
(1111, 177, 13, 0, 1),
(1112, 178, 13, 0, 1),
(1113, 179, 13, 0, 1),
(1114, 180, 13, 0, 1),
(1115, 181, 13, 0, 1),
(1116, 182, 13, 0, 1),
(1117, 183, 13, 0, 1),
(1118, 411, 13, 0, 1),
(1119, 184, 13, 0, 1),
(1120, 185, 13, 0, 1),
(1121, 186, 13, 0, 1),
(1122, 187, 13, 0, 1),
(1123, 188, 13, 0, 1),
(1124, 189, 13, 0, 1),
(1125, 190, 13, 0, 1),
(1126, 191, 13, 0, 1),
(1127, 192, 13, 0, 1),
(1128, 193, 13, 0, 1),
(1129, 194, 13, 0, 1),
(1130, 195, 13, 0, 1),
(1131, 196, 13, 0, 1),
(1132, 197, 13, 0, 1),
(1133, 198, 13, 0, 1),
(1134, 200, 13, 0, 1),
(1135, 202, 13, 0, 1),
(1136, 203, 13, 0, 1),
(1137, 204, 13, 0, 1),
(1138, 206, 13, 0, 1),
(1139, 207, 13, 0, 1),
(1140, 208, 13, 0, 1),
(1141, 209, 13, 0, 1),
(1142, 210, 13, 0, 1),
(1143, 211, 13, 0, 1),
(1144, 412, 13, 0, 1),
(1145, 173, 13, 0, 1),
(1146, 177, 25, 0, 1),
(1147, 178, 25, 0, 1),
(1148, 179, 25, 0, 1),
(1149, 180, 25, 0, 1),
(1150, 181, 25, 0, 1),
(1151, 182, 25, 0, 1),
(1152, 183, 25, 0, 1),
(1153, 411, 25, 0, 1),
(1154, 184, 25, 0, 1),
(1155, 185, 25, 0, 1),
(1156, 186, 25, 0, 1),
(1157, 187, 25, 0, 1),
(1158, 188, 25, 0, 1),
(1159, 189, 25, 0, 1),
(1160, 190, 25, 0, 1),
(1161, 191, 25, 0, 1),
(1162, 192, 25, 0, 1),
(1163, 193, 25, 0, 1),
(1164, 194, 25, 0, 1),
(1165, 195, 25, 0, 1),
(1166, 196, 25, 0, 1),
(1167, 197, 25, 0, 1),
(1168, 198, 25, 0, 1),
(1169, 200, 25, 0, 1),
(1170, 202, 25, 0, 1),
(1171, 203, 25, 0, 1),
(1172, 204, 25, 0, 1),
(1173, 206, 25, 0, 1),
(1174, 207, 25, 0, 1),
(1175, 208, 25, 0, 1),
(1176, 209, 25, 0, 1),
(1177, 210, 25, 0, 1),
(1178, 211, 25, 0, 1),
(1179, 412, 25, 0, 1),
(1180, 173, 25, 0, 1),
(1181, 142, 20, 0, 1),
(1182, 147, 20, 0, 1),
(1183, 153, 20, 0, 1),
(1184, 156, 20, 0, 1),
(1185, 162, 20, 0, 1),
(1186, 166, 20, 0, 1),
(1187, 169, 20, 0, 1),
(1188, 172, 20, 0, 1),
(1189, 175, 20, 0, 1),
(1190, 181, 20, 0, 1),
(1191, 183, 20, 0, 1),
(1192, 185, 20, 0, 1),
(1193, 187, 20, 0, 1),
(1194, 190, 20, 0, 1),
(1195, 194, 20, 0, 1),
(1196, 197, 20, 0, 1),
(1197, 200, 20, 0, 1),
(1198, 204, 20, 0, 1),
(1199, 206, 20, 0, 1),
(1200, 207, 20, 0, 1),
(1201, 210, 20, 0, 1),
(1202, 211, 20, 0, 1),
(1203, 215, 20, 0, 1),
(1204, 216, 20, 0, 1),
(1205, 219, 20, 0, 1),
(1206, 223, 20, 0, 1),
(1207, 228, 20, 0, 1),
(1208, 235, 20, 0, 1),
(1209, 238, 20, 0, 1),
(1210, 240, 20, 0, 1),
(1211, 247, 20, 0, 1),
(1212, 248, 20, 0, 1),
(1213, 136, 21, 0, 1),
(1214, 146, 21, 0, 1),
(1215, 151, 21, 0, 1),
(1216, 158, 21, 0, 1),
(1217, 164, 21, 0, 1),
(1218, 170, 21, 0, 1),
(1219, 171, 21, 0, 1),
(1220, 174, 21, 0, 1),
(1221, 199, 21, 0, 1),
(1222, 205, 21, 0, 1),
(1223, 178, 21, 0, 1),
(1224, 198, 21, 0, 1),
(1225, 203, 21, 0, 1),
(1226, 214, 21, 0, 1),
(1227, 220, 21, 0, 1),
(1228, 221, 21, 0, 1),
(1229, 222, 21, 0, 1),
(1230, 225, 21, 0, 1),
(1231, 226, 21, 0, 1),
(1232, 227, 21, 0, 1),
(1233, 231, 21, 0, 1),
(1234, 241, 21, 0, 1),
(1235, 242, 21, 0, 1),
(1236, 245, 21, 0, 1),
(1237, 135, 22, 0, 1),
(1238, 138, 22, 0, 1),
(1239, 139, 22, 0, 1),
(1240, 143, 22, 0, 1),
(1241, 145, 22, 0, 1),
(1242, 150, 22, 0, 1),
(1243, 161, 22, 0, 1),
(1244, 163, 22, 0, 1),
(1245, 165, 22, 0, 1),
(1246, 168, 22, 0, 1),
(1247, 218, 22, 0, 1),
(1248, 179, 22, 0, 1),
(1249, 180, 22, 0, 1),
(1250, 182, 22, 0, 1),
(1251, 411, 22, 0, 1),
(1252, 184, 22, 0, 1),
(1253, 186, 22, 0, 1),
(1254, 193, 22, 0, 1),
(1255, 195, 22, 0, 1),
(1256, 196, 22, 0, 1),
(1257, 202, 22, 0, 1),
(1258, 230, 22, 0, 1),
(1259, 233, 22, 0, 1),
(1260, 237, 22, 0, 1),
(1261, 141, 23, 0, 1),
(1262, 144, 23, 0, 1),
(1263, 149, 23, 0, 1),
(1264, 154, 23, 0, 1),
(1265, 157, 23, 0, 1),
(1266, 159, 23, 0, 1),
(1267, 176, 23, 0, 1),
(1268, 201, 23, 0, 1),
(1269, 209, 23, 0, 1),
(1270, 412, 23, 0, 1),
(1271, 173, 23, 0, 1),
(1272, 217, 23, 0, 1),
(1273, 224, 23, 0, 1),
(1274, 137, 24, 0, 1),
(1275, 140, 24, 0, 1),
(1276, 148, 24, 0, 1),
(1277, 155, 24, 0, 1),
(1278, 160, 24, 0, 1),
(1279, 167, 24, 0, 1),
(1280, 177, 24, 0, 1),
(1281, 188, 24, 0, 1),
(1282, 189, 24, 0, 1),
(1283, 191, 24, 0, 1),
(1284, 192, 24, 0, 1),
(1285, 208, 24, 0, 1),
(1286, 212, 24, 0, 1),
(1287, 213, 24, 0, 1),
(1288, 229, 24, 0, 1),
(1289, 232, 24, 0, 1),
(1290, 234, 24, 0, 1),
(1291, 236, 24, 0, 1),
(1292, 239, 24, 0, 1),
(1293, 243, 24, 0, 1),
(1294, 244, 24, 0, 1),
(1295, 246, 24, 0, 1),
(1296, 249, 24, 0, 1),
(1297, 135, 15, 0, 1),
(1298, 136, 15, 0, 1),
(1299, 137, 15, 0, 1),
(1300, 138, 15, 0, 1),
(1301, 139, 15, 0, 1),
(1302, 140, 15, 0, 1),
(1303, 141, 15, 0, 1),
(1304, 142, 15, 0, 1),
(1305, 143, 15, 0, 1),
(1306, 144, 15, 0, 1),
(1307, 145, 15, 0, 1),
(1308, 146, 15, 0, 1),
(1309, 147, 15, 0, 1),
(1310, 148, 15, 0, 1),
(1311, 149, 15, 0, 1),
(1312, 150, 15, 0, 1),
(1313, 151, 15, 0, 1),
(1314, 152, 15, 0, 1),
(1315, 153, 15, 0, 1),
(1316, 154, 15, 0, 1),
(1317, 155, 15, 0, 1),
(1318, 156, 15, 0, 1),
(1319, 157, 15, 0, 1),
(1320, 158, 15, 0, 1),
(1321, 159, 15, 0, 1),
(1322, 160, 15, 0, 1),
(1323, 161, 15, 0, 1),
(1324, 162, 15, 0, 1),
(1325, 163, 15, 0, 1),
(1326, 164, 15, 0, 1),
(1327, 165, 15, 0, 1),
(1328, 166, 15, 0, 1),
(1329, 167, 15, 0, 1),
(1330, 168, 15, 0, 1),
(1331, 169, 15, 0, 1),
(1332, 170, 15, 0, 1),
(1333, 171, 15, 0, 1),
(1334, 172, 15, 0, 1),
(1335, 174, 15, 0, 1),
(1336, 175, 15, 0, 1),
(1337, 176, 15, 0, 1),
(1338, 199, 15, 0, 1),
(1339, 201, 15, 0, 1),
(1340, 205, 15, 0, 1),
(1341, 218, 15, 0, 1),
(1342, 177, 15, 0, 1),
(1343, 178, 15, 0, 1),
(1344, 179, 15, 0, 1),
(1345, 180, 15, 0, 1),
(1346, 181, 15, 0, 1),
(1347, 182, 15, 0, 1),
(1348, 183, 15, 0, 1),
(1349, 411, 15, 0, 1),
(1350, 184, 15, 0, 1),
(1351, 185, 15, 0, 1),
(1352, 186, 15, 0, 1),
(1353, 187, 15, 0, 1),
(1354, 188, 15, 0, 1),
(1355, 189, 15, 0, 1),
(1356, 190, 15, 0, 1),
(1357, 191, 15, 0, 1),
(1358, 192, 15, 0, 1),
(1359, 193, 15, 0, 1),
(1360, 194, 15, 0, 1),
(1361, 195, 15, 0, 1),
(1362, 196, 15, 0, 1),
(1363, 197, 15, 0, 1),
(1364, 198, 15, 0, 1),
(1365, 200, 15, 0, 1),
(1366, 202, 15, 0, 1),
(1367, 203, 15, 0, 1),
(1368, 204, 15, 0, 1),
(1369, 206, 15, 0, 1),
(1370, 207, 15, 0, 1),
(1371, 208, 15, 0, 1),
(1372, 209, 15, 0, 1),
(1373, 210, 15, 0, 1),
(1374, 211, 15, 0, 1),
(1375, 412, 15, 0, 1),
(1376, 173, 15, 0, 1),
(1377, 212, 15, 0, 1),
(1378, 213, 15, 0, 1),
(1379, 214, 15, 0, 1),
(1380, 215, 15, 0, 1),
(1381, 216, 15, 0, 1),
(1382, 217, 15, 0, 1),
(1383, 219, 15, 0, 1),
(1384, 220, 15, 0, 1),
(1385, 221, 15, 0, 1),
(1386, 222, 15, 0, 1),
(1387, 223, 15, 0, 1),
(1388, 224, 15, 0, 1),
(1389, 225, 15, 0, 1),
(1390, 226, 15, 0, 1),
(1391, 227, 15, 0, 1),
(1392, 228, 15, 0, 1),
(1393, 229, 15, 0, 1),
(1394, 230, 15, 0, 1),
(1395, 231, 15, 0, 1),
(1396, 232, 15, 0, 1),
(1397, 233, 15, 0, 1),
(1398, 234, 15, 0, 1),
(1399, 235, 15, 0, 1),
(1400, 236, 15, 0, 1),
(1401, 237, 15, 0, 1),
(1402, 238, 15, 0, 1),
(1403, 239, 15, 0, 1),
(1404, 240, 15, 0, 1),
(1405, 241, 15, 0, 1),
(1406, 242, 15, 0, 1),
(1407, 243, 15, 0, 1),
(1408, 244, 15, 0, 1),
(1409, 245, 15, 0, 1),
(1410, 246, 15, 0, 1),
(1411, 247, 15, 0, 1),
(1412, 248, 15, 0, 1),
(1413, 249, 15, 0, 1),
(1414, 135, 14, 0, 1),
(1415, 136, 14, 0, 1),
(1416, 137, 14, 0, 1),
(1417, 138, 14, 0, 1),
(1418, 139, 14, 0, 1),
(1419, 140, 14, 0, 1),
(1420, 141, 14, 0, 1),
(1421, 142, 14, 0, 1),
(1422, 143, 14, 0, 1),
(1423, 144, 14, 0, 1),
(1424, 145, 14, 0, 1),
(1425, 146, 14, 0, 1),
(1426, 147, 14, 0, 1),
(1427, 148, 14, 0, 1),
(1428, 149, 14, 0, 1),
(1429, 150, 14, 0, 1),
(1430, 151, 14, 0, 1),
(1431, 152, 14, 0, 1),
(1432, 153, 14, 0, 1),
(1433, 154, 14, 0, 1),
(1434, 155, 14, 0, 1),
(1435, 156, 14, 0, 1),
(1436, 157, 14, 0, 1),
(1437, 158, 14, 0, 1),
(1438, 159, 14, 0, 1),
(1439, 160, 14, 0, 1),
(1440, 161, 14, 0, 1),
(1441, 162, 14, 0, 1),
(1442, 163, 14, 0, 1),
(1443, 164, 14, 0, 1),
(1444, 165, 14, 0, 1),
(1445, 166, 14, 0, 1),
(1446, 167, 14, 0, 1),
(1447, 168, 14, 0, 1),
(1448, 169, 14, 0, 1),
(1449, 170, 14, 0, 1),
(1450, 171, 14, 0, 1),
(1451, 172, 14, 0, 1),
(1452, 174, 14, 0, 1),
(1453, 175, 14, 0, 1),
(1454, 176, 14, 0, 1),
(1455, 199, 14, 0, 1),
(1456, 201, 14, 0, 1),
(1457, 205, 14, 0, 1),
(1458, 218, 14, 0, 1),
(1459, 177, 14, 0, 1),
(1460, 178, 14, 0, 1),
(1461, 179, 14, 0, 1),
(1462, 180, 14, 0, 1),
(1463, 181, 14, 0, 1),
(1464, 182, 14, 0, 1),
(1465, 183, 14, 0, 1),
(1466, 411, 14, 0, 1),
(1467, 185, 14, 0, 1),
(1468, 186, 14, 0, 1),
(1469, 187, 14, 0, 1),
(1470, 188, 14, 0, 1),
(1471, 189, 14, 0, 1),
(1472, 190, 14, 0, 1),
(1473, 191, 14, 0, 1),
(1474, 192, 14, 0, 1),
(1475, 193, 14, 0, 1),
(1476, 194, 14, 0, 1),
(1477, 195, 14, 0, 1),
(1478, 196, 14, 0, 1),
(1479, 197, 14, 0, 1),
(1480, 198, 14, 0, 1),
(1481, 200, 14, 0, 1),
(1482, 202, 14, 0, 1),
(1483, 203, 14, 0, 1),
(1484, 204, 14, 0, 1),
(1485, 206, 14, 0, 1),
(1486, 207, 14, 0, 1),
(1487, 208, 14, 0, 1),
(1488, 209, 14, 0, 1),
(1489, 210, 14, 0, 1),
(1490, 211, 14, 0, 1),
(1491, 412, 14, 0, 1),
(1492, 173, 14, 0, 1),
(1493, 135, 19, 0, 1),
(1494, 205, 19, 0, 1),
(1497, 212, 28, 0, 1),
(1498, 213, 28, 0, 1),
(1499, 214, 28, 0, 1),
(1500, 215, 28, 0, 1),
(1501, 216, 28, 0, 1),
(1502, 217, 28, 0, 1),
(1503, 219, 28, 0, 1),
(1504, 220, 28, 0, 1),
(1505, 221, 28, 0, 1),
(1506, 222, 28, 0, 1),
(1507, 223, 28, 0, 1),
(1508, 224, 28, 0, 1),
(1509, 225, 28, 0, 1),
(1510, 226, 28, 0, 1),
(1511, 227, 28, 0, 1),
(1512, 228, 28, 0, 1),
(1513, 229, 28, 0, 1),
(1514, 230, 28, 0, 1),
(1515, 231, 28, 0, 1),
(1516, 232, 28, 0, 1),
(1517, 233, 28, 0, 1),
(1518, 234, 28, 0, 1),
(1519, 235, 28, 0, 1),
(1520, 236, 28, 0, 1),
(1521, 237, 28, 0, 1),
(1522, 238, 28, 0, 1),
(1523, 239, 28, 0, 1),
(1524, 240, 28, 0, 1),
(1525, 241, 28, 0, 1),
(1526, 242, 28, 0, 1),
(1527, 243, 28, 0, 1),
(1528, 244, 28, 0, 1),
(1529, 245, 28, 0, 1),
(1530, 246, 28, 0, 1),
(1531, 247, 28, 0, 1),
(1532, 248, 28, 0, 1),
(1533, 249, 28, 0, 1),
(1534, 212, 29, 0, 1),
(1535, 213, 29, 0, 1),
(1536, 214, 29, 0, 1),
(1537, 215, 29, 0, 1),
(1538, 216, 29, 0, 1),
(1539, 217, 29, 0, 1),
(1540, 219, 29, 0, 1),
(1541, 220, 29, 0, 1),
(1542, 221, 29, 0, 1),
(1543, 222, 29, 0, 1),
(1544, 223, 29, 0, 1),
(1545, 224, 29, 0, 1),
(1546, 225, 29, 0, 1),
(1547, 226, 29, 0, 1),
(1548, 227, 29, 0, 1),
(1549, 228, 29, 0, 1),
(1550, 229, 29, 0, 1),
(1551, 230, 29, 0, 1),
(1552, 231, 29, 0, 1),
(1553, 232, 29, 0, 1),
(1554, 233, 29, 0, 1),
(1555, 234, 29, 0, 1),
(1556, 235, 29, 0, 1),
(1557, 236, 29, 0, 1),
(1558, 237, 29, 0, 1),
(1559, 238, 29, 0, 1),
(1560, 239, 29, 0, 1),
(1561, 240, 29, 0, 1),
(1562, 241, 29, 0, 1),
(1563, 242, 29, 0, 1),
(1564, 243, 29, 0, 1),
(1565, 244, 29, 0, 1),
(1566, 245, 29, 0, 1),
(1567, 246, 29, 0, 1),
(1568, 247, 29, 0, 1),
(1569, 248, 29, 0, 1),
(1570, 249, 29, 0, 1),
(1571, 212, 30, 0, 1),
(1572, 213, 30, 0, 1),
(1573, 214, 30, 0, 1),
(1574, 215, 30, 0, 1),
(1575, 216, 30, 0, 1),
(1576, 217, 30, 0, 1),
(1577, 219, 30, 0, 1),
(1578, 220, 30, 0, 1),
(1579, 221, 30, 0, 1),
(1580, 222, 30, 0, 1),
(1581, 223, 30, 0, 1),
(1582, 224, 30, 0, 1),
(1583, 225, 30, 0, 1),
(1584, 226, 30, 0, 1),
(1585, 227, 30, 0, 1),
(1586, 228, 30, 0, 1),
(1587, 229, 30, 0, 1),
(1588, 230, 30, 0, 1),
(1589, 231, 30, 0, 1),
(1590, 232, 30, 0, 1),
(1591, 233, 30, 0, 1),
(1592, 234, 30, 0, 1),
(1593, 235, 30, 0, 1),
(1594, 236, 30, 0, 1),
(1595, 237, 30, 0, 1),
(1596, 238, 30, 0, 1),
(1597, 239, 30, 0, 1),
(1598, 240, 30, 0, 1),
(1599, 241, 30, 0, 1),
(1600, 242, 30, 0, 1),
(1601, 243, 30, 0, 1),
(1602, 244, 30, 0, 1),
(1603, 245, 30, 0, 1),
(1604, 246, 30, 0, 1),
(1605, 247, 30, 0, 1),
(1606, 248, 30, 0, 1),
(1607, 249, 30, 0, 1),
(1608, 220, 32, 0, 1),
(1609, 221, 32, 0, 1),
(1610, 225, 32, 0, 1),
(1611, 226, 32, 0, 1),
(1612, 227, 32, 0, 1),
(1613, 233, 32, 0, 1),
(1614, 216, 31, 0, 1),
(1774, 54, 37, 0, 1),
(1773, 53, 37, 0, 1),
(1772, 52, 37, 0, 1),
(1771, 51, 37, 0, 1),
(1770, 50, 37, 0, 1),
(1769, 49, 37, 0, 1),
(1768, 48, 37, 0, 1),
(1767, 47, 37, 0, 1),
(1766, 46, 37, 0, 1),
(1765, 45, 37, 0, 1),
(1764, 44, 37, 0, 1),
(1763, 43, 37, 0, 1),
(1762, 42, 37, 0, 1),
(1761, 41, 37, 0, 1),
(1760, 40, 37, 0, 1),
(1759, 39, 37, 0, 1),
(1758, 38, 37, 0, 1),
(1757, 74, 36, 0, 1),
(1756, 73, 36, 0, 1),
(1755, 72, 36, 0, 1),
(1754, 69, 36, 0, 1),
(1753, 68, 36, 0, 1),
(1752, 67, 36, 0, 1),
(1751, 66, 36, 0, 1),
(1750, 65, 36, 0, 1),
(1749, 63, 36, 0, 1),
(1748, 62, 36, 0, 1),
(1747, 61, 36, 0, 1),
(1746, 60, 36, 0, 1),
(1745, 59, 36, 0, 1),
(1744, 58, 36, 0, 1),
(1743, 57, 36, 0, 1),
(1742, 55, 36, 0, 1),
(1741, 54, 36, 0, 1),
(1740, 52, 36, 0, 1),
(1739, 50, 36, 0, 1),
(1738, 49, 36, 0, 1),
(1737, 48, 36, 0, 1),
(1736, 47, 36, 0, 1),
(1735, 44, 36, 0, 1),
(1734, 43, 36, 0, 1),
(1733, 42, 36, 0, 1),
(1732, 41, 36, 0, 1),
(1731, 40, 36, 0, 1),
(1730, 39, 36, 0, 1),
(1729, 38, 36, 0, 1),
(1728, 74, 35, 0, 1),
(1727, 73, 35, 0, 1),
(1726, 72, 35, 0, 1),
(1725, 71, 35, 0, 1),
(1724, 69, 35, 0, 1),
(1723, 68, 35, 0, 1),
(1722, 67, 35, 0, 1),
(1721, 66, 35, 0, 1),
(1720, 65, 35, 0, 1),
(1719, 64, 35, 0, 1),
(1718, 63, 35, 0, 1),
(1717, 62, 35, 0, 1),
(1716, 61, 35, 0, 1),
(1715, 60, 35, 0, 1),
(1714, 59, 35, 0, 1),
(1713, 57, 35, 0, 1),
(1712, 55, 35, 0, 1),
(1711, 54, 35, 0, 1),
(1710, 53, 35, 0, 1),
(1709, 52, 35, 0, 1),
(1708, 51, 35, 0, 1),
(1707, 50, 35, 0, 1),
(1706, 49, 35, 0, 1),
(1705, 48, 35, 0, 1),
(1704, 47, 35, 0, 1),
(1703, 46, 35, 0, 1),
(1702, 45, 35, 0, 1),
(1701, 44, 35, 0, 1),
(1700, 43, 35, 0, 1),
(1699, 42, 35, 0, 1),
(1698, 41, 35, 0, 1),
(1697, 40, 35, 0, 1),
(1696, 39, 35, 0, 1),
(1695, 38, 35, 0, 1),
(1775, 55, 37, 0, 1),
(1776, 57, 37, 0, 1),
(1777, 58, 37, 0, 1),
(1778, 59, 37, 0, 1),
(1779, 60, 37, 0, 1),
(1780, 61, 37, 0, 1),
(1781, 63, 37, 0, 1),
(1782, 65, 37, 0, 1),
(1783, 66, 37, 0, 1),
(1784, 67, 37, 0, 1),
(1785, 68, 37, 0, 1),
(1786, 69, 37, 0, 1),
(1787, 71, 37, 0, 1),
(1788, 72, 37, 0, 1),
(1789, 73, 37, 0, 1),
(1790, 91, 37, 0, 1),
(1791, 96, 37, 0, 1),
(1792, 38, 33, 0, 1),
(1793, 41, 33, 0, 1),
(1794, 42, 33, 0, 1),
(1795, 46, 33, 0, 1),
(1796, 48, 33, 0, 1),
(1797, 49, 33, 0, 1),
(1798, 50, 33, 0, 1),
(1799, 54, 33, 0, 1),
(1800, 59, 33, 0, 1),
(1801, 61, 33, 0, 1),
(1802, 64, 33, 0, 1),
(1803, 66, 33, 0, 1),
(1804, 68, 33, 0, 1),
(1805, 74, 33, 0, 1),
(1806, 81, 33, 0, 1),
(1807, 93, 33, 0, 1),
(1808, 98, 33, 0, 1),
(1809, 40, 38, 0, 1),
(1810, 42, 38, 0, 1),
(1811, 45, 38, 0, 1),
(1812, 48, 38, 0, 1),
(1813, 49, 38, 0, 1),
(1814, 60, 38, 0, 1),
(1815, 61, 38, 0, 1),
(1816, 66, 38, 0, 1),
(1817, 67, 38, 0, 1),
(1818, 74, 38, 0, 1),
(1819, 40, 39, 0, 1),
(1820, 41, 39, 0, 1),
(1821, 50, 39, 0, 1),
(1822, 51, 39, 0, 1),
(1823, 53, 39, 0, 1),
(1824, 54, 39, 0, 1),
(1825, 64, 39, 0, 1),
(1826, 65, 39, 0, 1),
(1827, 71, 39, 0, 1),
(1828, 38, 19, 0, 1),
(1829, 42, 19, 0, 1),
(1830, 44, 19, 0, 1),
(1831, 45, 19, 0, 1),
(1832, 46, 19, 0, 1),
(1833, 52, 19, 0, 1),
(1834, 55, 19, 0, 1),
(1835, 57, 19, 0, 1),
(1836, 58, 19, 0, 1),
(1837, 60, 19, 0, 1),
(1838, 63, 19, 0, 1),
(1839, 96, 19, 0, 1),
(1840, 38, 40, 0, 1),
(1841, 39, 40, 0, 1),
(1842, 41, 40, 0, 1),
(1843, 43, 40, 0, 1),
(1844, 44, 40, 0, 1),
(1845, 45, 40, 0, 1),
(1846, 46, 40, 0, 1),
(1847, 47, 40, 0, 1),
(1848, 48, 40, 0, 1),
(1849, 51, 40, 0, 1),
(1850, 53, 40, 0, 1),
(1851, 55, 40, 0, 1),
(1852, 57, 40, 0, 1),
(1853, 58, 40, 0, 1),
(1854, 59, 40, 0, 1),
(1855, 60, 40, 0, 1),
(1856, 62, 40, 0, 1),
(1857, 63, 40, 0, 1),
(1858, 66, 40, 0, 1),
(1859, 67, 40, 0, 1),
(1860, 71, 40, 0, 1),
(1861, 73, 40, 0, 1),
(1862, 78, 40, 0, 1),
(1863, 79, 40, 0, 1),
(1864, 83, 40, 0, 1),
(1865, 85, 40, 0, 1),
(1866, 100, 40, 0, 1),
(1867, 113, 40, 0, 1),
(1868, 114, 40, 0, 1),
(1869, 115, 40, 0, 1),
(1870, 116, 40, 0, 1),
(1871, 117, 40, 0, 1),
(1872, 118, 40, 0, 1),
(1873, 122, 40, 0, 1),
(1874, 124, 40, 0, 1),
(1875, 126, 40, 0, 1),
(1876, 128, 40, 0, 1),
(1877, 129, 40, 0, 1),
(1878, 131, 40, 0, 1),
(1879, 133, 40, 0, 1),
(1880, 40, 34, 0, 1),
(1881, 50, 34, 0, 1),
(1882, 54, 34, 0, 1),
(1883, 64, 34, 0, 1),
(1884, 65, 34, 0, 1),
(1885, 68, 34, 0, 1),
(1886, 72, 34, 0, 1),
(1887, 108, 34, 0, 1),
(1888, 112, 34, 0, 1),
(1889, 119, 34, 0, 1),
(1890, 120, 34, 0, 1),
(1891, 121, 34, 0, 1),
(1892, 123, 34, 0, 1),
(1893, 125, 34, 0, 1),
(1894, 413, 34, 0, 1),
(1895, 127, 34, 0, 1),
(1896, 130, 34, 0, 1),
(1897, 132, 34, 0, 1),
(1898, 134, 34, 0, 1),
(1899, 40, 41, 0, 1),
(1900, 49, 41, 0, 1),
(1901, 79, 41, 0, 1),
(1902, 80, 41, 0, 1),
(1903, 81, 41, 0, 1),
(1904, 83, 41, 0, 1),
(1905, 84, 41, 0, 1),
(1906, 85, 41, 0, 1),
(1907, 88, 41, 0, 1),
(1908, 93, 41, 0, 1),
(1909, 94, 41, 0, 1),
(1910, 98, 41, 0, 1),
(1911, 100, 41, 0, 1),
(1912, 101, 41, 0, 1),
(1913, 106, 41, 0, 1),
(1914, 110, 41, 0, 1),
(1915, 128, 41, 0, 1),
(1916, 41, 11, 0, 1),
(1917, 47, 11, 0, 1),
(1918, 50, 11, 0, 1),
(1919, 64, 11, 0, 1),
(1920, 68, 11, 0, 1),
(1921, 73, 11, 0, 1),
(1922, 97, 11, 0, 1),
(1923, 133, 11, 0, 1),
(1924, 42, 42, 0, 1),
(1925, 44, 42, 0, 1),
(1926, 45, 42, 0, 1),
(1927, 46, 42, 0, 1),
(1928, 52, 42, 0, 1),
(1929, 55, 42, 0, 1),
(1930, 57, 42, 0, 1),
(1931, 58, 42, 0, 1),
(1932, 63, 42, 0, 1),
(1933, 76, 42, 0, 1),
(1934, 90, 42, 0, 1),
(1935, 92, 42, 0, 1),
(1936, 96, 42, 0, 1),
(1937, 102, 42, 0, 1),
(1938, 105, 42, 0, 1),
(1939, 108, 42, 0, 1),
(1940, 109, 42, 0, 1),
(1941, 111, 42, 0, 1),
(1942, 119, 42, 0, 1),
(1943, 122, 42, 0, 1),
(1944, 123, 42, 0, 1),
(1945, 125, 42, 0, 1),
(1946, 126, 42, 0, 1),
(1947, 413, 42, 0, 1),
(1948, 38, 43, 0, 1),
(1949, 39, 43, 0, 1),
(1950, 59, 43, 0, 1),
(1951, 60, 43, 0, 1),
(1952, 72, 43, 0, 1),
(1953, 75, 43, 0, 1),
(1954, 78, 43, 0, 1),
(1955, 87, 43, 0, 1),
(1956, 91, 43, 0, 1),
(1957, 99, 43, 0, 1),
(1958, 104, 43, 0, 1),
(1959, 112, 43, 0, 1),
(1960, 113, 43, 0, 1),
(1961, 120, 43, 0, 1),
(1962, 132, 43, 0, 1),
(1963, 134, 43, 0, 1),
(1964, 43, 44, 0, 1),
(1965, 48, 44, 0, 1),
(1966, 51, 44, 0, 1),
(1967, 53, 44, 0, 1),
(1968, 54, 44, 0, 1),
(1969, 61, 44, 0, 1),
(1970, 62, 44, 0, 1),
(1971, 65, 44, 0, 1),
(1972, 66, 44, 0, 1),
(1973, 67, 44, 0, 1),
(1974, 69, 44, 0, 1),
(1975, 71, 44, 0, 1),
(1976, 74, 44, 0, 1),
(1977, 77, 44, 0, 1),
(1978, 82, 44, 0, 1),
(1979, 86, 44, 0, 1),
(1980, 89, 44, 0, 1),
(1981, 95, 44, 0, 1),
(1982, 107, 44, 0, 1),
(1983, 114, 44, 0, 1),
(1984, 115, 44, 0, 1),
(1985, 116, 44, 0, 1),
(1986, 117, 44, 0, 1),
(1987, 118, 44, 0, 1),
(1988, 121, 44, 0, 1),
(1989, 124, 44, 0, 1),
(1990, 127, 44, 0, 1),
(1991, 129, 44, 0, 1),
(1992, 130, 44, 0, 1),
(1993, 131, 44, 0, 1),
(1994, 55, 45, 0, 1),
(1995, 92, 45, 0, 1),
(1996, 109, 45, 0, 1),
(1997, 62, 31, 0, 1),
(1998, 67, 31, 0, 1),
(1999, 68, 31, 0, 1),
(2000, 72, 31, 0, 1),
(2001, 74, 31, 0, 1),
(2002, 39, 46, 0, 1),
(2003, 43, 46, 0, 1),
(2004, 46, 46, 0, 1),
(2005, 47, 46, 0, 1),
(2006, 51, 46, 0, 1),
(2007, 52, 46, 0, 1),
(2008, 53, 46, 0, 1),
(2009, 62, 46, 0, 1),
(2010, 63, 46, 0, 1),
(2011, 64, 46, 0, 1),
(2012, 69, 46, 0, 1),
(2013, 71, 46, 0, 1),
(2014, 72, 46, 0, 1),
(2015, 73, 46, 0, 1),
(2016, 84, 46, 0, 1),
(2017, 91, 46, 0, 1),
(2018, 93, 46, 0, 1),
(2019, 94, 46, 0, 1),
(2020, 97, 46, 0, 1),
(2021, 98, 46, 0, 1),
(2022, 99, 46, 0, 1),
(2023, 102, 46, 0, 1),
(2024, 103, 46, 0, 1),
(2025, 107, 46, 0, 1),
(2026, 108, 46, 0, 1),
(2027, 110, 46, 0, 1),
(2028, 111, 46, 0, 1),
(2029, 112, 46, 0, 1),
(2030, 113, 46, 0, 1),
(2031, 114, 46, 0, 1),
(2032, 115, 46, 0, 1),
(2033, 116, 46, 0, 1),
(2034, 117, 46, 0, 1),
(2035, 118, 46, 0, 1),
(2036, 119, 46, 0, 1),
(2037, 120, 46, 0, 1),
(2038, 121, 46, 0, 1),
(2039, 122, 46, 0, 1),
(2040, 123, 46, 0, 1),
(2041, 124, 46, 0, 1),
(2042, 125, 46, 0, 1),
(2043, 126, 46, 0, 1),
(2044, 413, 46, 0, 1),
(2045, 127, 46, 0, 1),
(2046, 128, 46, 0, 1),
(2047, 129, 46, 0, 1),
(2048, 130, 46, 0, 1),
(2049, 131, 46, 0, 1),
(2050, 132, 46, 0, 1),
(2051, 133, 46, 0, 1),
(2052, 134, 46, 0, 1),
(2053, 39, 22, 0, 1),
(2054, 43, 22, 0, 1),
(2055, 47, 22, 0, 1),
(2056, 56, 22, 0, 1),
(2057, 73, 22, 0, 1),
(2058, 56, 16, 0, 1),
(2059, 56, 17, 0, 1),
(2060, 56, 18, 0, 1),
(2061, 56, 15, 0, 1),
(2062, 75, 48, 0, 1),
(2063, 76, 48, 0, 1),
(2064, 77, 48, 0, 1),
(2065, 79, 48, 0, 1),
(2066, 80, 48, 0, 1),
(2067, 83, 48, 0, 1),
(2068, 84, 48, 0, 1),
(2069, 85, 48, 0, 1),
(2070, 86, 48, 0, 1),
(2071, 87, 48, 0, 1),
(2072, 88, 48, 0, 1),
(2073, 89, 48, 0, 1),
(2074, 90, 48, 0, 1),
(2075, 92, 48, 0, 1),
(2076, 94, 48, 0, 1),
(2077, 95, 48, 0, 1),
(2078, 96, 48, 0, 1),
(2079, 99, 48, 0, 1),
(2080, 100, 48, 0, 1),
(2081, 101, 48, 0, 1),
(2082, 102, 48, 0, 1),
(2083, 104, 48, 0, 1),
(2084, 105, 48, 0, 1),
(2085, 106, 48, 0, 1),
(2086, 107, 48, 0, 1),
(2087, 109, 48, 0, 1),
(2088, 110, 48, 0, 1),
(2089, 111, 48, 0, 1),
(2090, 112, 48, 0, 1),
(2091, 113, 48, 0, 1),
(2092, 114, 48, 0, 1),
(2093, 115, 48, 0, 1),
(2094, 116, 48, 0, 1),
(2095, 117, 48, 0, 1),
(2096, 118, 48, 0, 1),
(2097, 119, 48, 0, 1),
(2098, 120, 48, 0, 1),
(2099, 121, 48, 0, 1),
(2100, 122, 48, 0, 1),
(2101, 123, 48, 0, 1),
(2102, 124, 48, 0, 1),
(2103, 125, 48, 0, 1),
(2104, 126, 48, 0, 1),
(2105, 413, 48, 0, 1),
(2106, 127, 48, 0, 1),
(2107, 128, 48, 0, 1),
(2108, 129, 48, 0, 1),
(2109, 130, 48, 0, 1),
(2110, 131, 48, 0, 1),
(2111, 132, 48, 0, 1),
(2112, 133, 48, 0, 1),
(2113, 134, 48, 0, 1),
(2114, 75, 49, 0, 1),
(2115, 76, 49, 0, 1),
(2116, 77, 49, 0, 1),
(2117, 78, 49, 0, 1),
(2118, 79, 49, 0, 1),
(2119, 80, 49, 0, 1),
(2120, 81, 49, 0, 1),
(2121, 82, 49, 0, 1),
(2122, 83, 49, 0, 1),
(2123, 84, 49, 0, 1),
(2124, 85, 49, 0, 1),
(2125, 86, 49, 0, 1),
(2126, 87, 49, 0, 1),
(2127, 88, 49, 0, 1),
(2128, 90, 49, 0, 1),
(2129, 91, 49, 0, 1),
(2130, 92, 49, 0, 1),
(2131, 93, 49, 0, 1),
(2132, 94, 49, 0, 1),
(2133, 95, 49, 0, 1),
(2134, 96, 49, 0, 1),
(2135, 97, 49, 0, 1),
(2136, 98, 49, 0, 1),
(2137, 99, 49, 0, 1),
(2138, 100, 49, 0, 1),
(2139, 101, 49, 0, 1),
(2140, 102, 49, 0, 1),
(2141, 103, 49, 0, 1),
(2142, 104, 49, 0, 1),
(2143, 105, 49, 0, 1),
(2144, 106, 49, 0, 1),
(2145, 107, 49, 0, 1),
(2146, 108, 49, 0, 1),
(2147, 109, 49, 0, 1),
(2148, 110, 49, 0, 1),
(2149, 111, 49, 0, 1),
(2150, 75, 50, 0, 1),
(2151, 76, 50, 0, 1),
(2152, 77, 50, 0, 1),
(2153, 78, 50, 0, 1),
(2154, 79, 50, 0, 1),
(2155, 80, 50, 0, 1),
(2156, 81, 50, 0, 1),
(2157, 83, 50, 0, 1),
(2158, 84, 50, 0, 1),
(2159, 85, 50, 0, 1),
(2160, 86, 50, 0, 1),
(2161, 87, 50, 0, 1),
(2162, 88, 50, 0, 1),
(2163, 90, 50, 0, 1),
(2164, 91, 50, 0, 1),
(2165, 92, 50, 0, 1),
(2166, 93, 50, 0, 1),
(2167, 94, 50, 0, 1),
(2168, 95, 50, 0, 1),
(2169, 96, 50, 0, 1),
(2170, 97, 50, 0, 1),
(2171, 98, 50, 0, 1),
(2172, 99, 50, 0, 1),
(2173, 100, 50, 0, 1),
(2174, 101, 50, 0, 1),
(2175, 102, 50, 0, 1),
(2176, 104, 50, 0, 1),
(2177, 105, 50, 0, 1),
(2178, 106, 50, 0, 1),
(2179, 107, 50, 0, 1),
(2180, 108, 50, 0, 1),
(2181, 109, 50, 0, 1),
(2182, 110, 50, 0, 1),
(2183, 111, 50, 0, 1),
(2184, 75, 52, 0, 1),
(2185, 76, 52, 0, 1),
(2186, 77, 52, 0, 1),
(2187, 80, 52, 0, 1),
(2188, 81, 52, 0, 1),
(2189, 86, 52, 0, 1),
(2190, 87, 52, 0, 1),
(2191, 88, 52, 0, 1),
(2192, 90, 52, 0, 1),
(2193, 92, 52, 0, 1),
(2194, 95, 52, 0, 1),
(2195, 97, 52, 0, 1),
(2196, 101, 52, 0, 1),
(2197, 104, 52, 0, 1),
(2198, 105, 52, 0, 1),
(2199, 111, 52, 0, 1),
(2200, 75, 53, 0, 1),
(2201, 76, 53, 0, 1),
(2202, 77, 53, 0, 1),
(2203, 78, 53, 0, 1),
(2204, 79, 53, 0, 1),
(2205, 80, 53, 0, 1),
(2206, 81, 53, 0, 1),
(2207, 83, 53, 0, 1),
(2208, 84, 53, 0, 1),
(2209, 85, 53, 0, 1),
(2210, 86, 53, 0, 1),
(2211, 87, 53, 0, 1),
(2212, 88, 53, 0, 1),
(2213, 90, 53, 0, 1),
(2214, 91, 53, 0, 1),
(2215, 92, 53, 0, 1),
(2216, 93, 53, 0, 1),
(2217, 94, 53, 0, 1),
(2218, 95, 53, 0, 1),
(2219, 97, 53, 0, 1),
(2220, 98, 53, 0, 1),
(2221, 99, 53, 0, 1),
(2222, 100, 53, 0, 1),
(2223, 101, 53, 0, 1),
(2224, 102, 53, 0, 1),
(2225, 104, 53, 0, 1),
(2226, 105, 53, 0, 1),
(2227, 107, 53, 0, 1),
(2228, 108, 53, 0, 1),
(2229, 109, 53, 0, 1),
(2230, 110, 53, 0, 1),
(2231, 111, 53, 0, 1),
(2232, 106, 25, 0, 1),
(2233, 82, 2, 0, 1),
(2234, 103, 2, 0, 1),
(2235, 89, 27, 0, 1),
(2236, 89, 26, 0, 1),
(2237, 112, 54, 0, 1),
(2238, 113, 54, 0, 1),
(2239, 114, 54, 0, 1),
(2240, 115, 54, 0, 1),
(2241, 116, 54, 0, 1),
(2242, 117, 54, 0, 1),
(2243, 118, 54, 0, 1),
(2244, 119, 54, 0, 1),
(2245, 120, 54, 0, 1),
(2246, 121, 54, 0, 1),
(2247, 122, 54, 0, 1),
(2248, 123, 54, 0, 1),
(2249, 124, 54, 0, 1),
(2250, 125, 54, 0, 1),
(2251, 126, 54, 0, 1),
(2252, 413, 54, 0, 1),
(2253, 127, 54, 0, 1),
(2254, 128, 54, 0, 1),
(2255, 129, 54, 0, 1),
(2256, 130, 54, 0, 1),
(2257, 131, 54, 0, 1),
(2258, 132, 54, 0, 1),
(2259, 133, 54, 0, 1),
(2260, 134, 54, 0, 1),
(2261, 40, 20, 0, 1),
(2263, 64, 21, 0, 1),
(2264, 62, 24, 0, 1),
(2265, 69, 24, 0, 1),
(2266, 82, 6, 0, 1),
(2267, 103, 6, 0, 1);
